training/actor/bound_loss,training/actor/q_loss,training/alpha/current_vs_historical_ratio,training/alpha/historical_avg_loss,training/alpha/max_alpha_bound,training/alpha/min_alpha_bound,training/alpha/valid_count,training/alpha_weight,training/critic/critic_loss,training/critic/q_max,training/critic/q_mean,training/critic/q_min,training/grad/max,training/grad/min,training/grad/norm,training/meanflow/consistency_loss,training/meanflow/flow_loss,training/meanflow/mean_flow_loss,training/metrics/actor_learning_rate,training/metrics/critic_learning_rate,training/total_loss,time/epoch_time,time/total_time,step,training/actor/any_oob,training/actor/coordinate_oob,training/actor/jacobian,training/actor/loss,training/actor/max_clip,training/actor/mean_clip,training/actor/q,training/actor/transport,training/control/adjoint_clip_fraction,training/control/adjoint_norm,training/control/applied_adjoint_norm,training/control/eta,training/control/gate,training/control/relative_critic_disagreement,training/teacher/endpoint_variance,training/teacher/q,exploration/goal_achieved,exploration/total.timesteps,exploration/episode.final_reward,exploration/episode.return,exploration/episode.length,exploration/episode.duration,exploration/episode.normalized_return
0.0,0.0,1.0,0.0,3000.0,30.0,0,300.0,16.90854,3.8545737,0.30013925,-3.0868583,445.11652,-453.07764,9763.387,0.0,1.0299811,1.0299811,0.0,0.0003,325.9029,0.007823658895492554,39.11861276626587,0,,,,,,,,,,,,,,,,,,,,,,,
0.011667249,0.0,24990858.0,0.0,3000.0,30.0,2,300.0,2.317666,459.48846,39.849693,-9.018967,155.23735,-154.5718,10624.845,0.0,0.24990858,0.24990858,1e-05,0.0003,77.3019,0.0159757050037384,118.9973292350769,5000,,,,,,,,,,,,,,,,,,,,,,,
0.0047033667,0.0,20260454.0,0.0,3000.0,30.0,4,300.0,5.1381865,841.93195,94.883194,-13.956429,231.18907,-281.19952,8663.466,0.0,0.20260455,0.20260455,2e-05,0.0003,65.924255,0.009459106159210206,166.29304385185242,10000,,,,,,,,,,,,,,,,,,,,,,,
0.008617125,0.0,14468800.0,0.0,3000.0,30.0,7,300.0,2.4583206,1143.5593,148.81613,-18.923388,169.21605,-127.70354,5860.952,0.0,0.144688,0.144688,3e-05,0.0003,45.873337,0.009189272499084473,212.23959493637085,15000,,,,,,,,,,,,,,,,,,,,,,,
0.006604244,0.0,16067994.0,0.0,3000.0,30.0,9,300.0,5.100341,1381.8702,170.03488,-22.439053,207.51471,-157.16693,4539.8525,0.0,0.16067994,0.16067994,4e-05,0.0003,53.310925,0.008979225397109986,257.1359050273895,20000,,,,,,,,,,,,,,,,,,,,,,,
0.007400071,0.0,1.3095158,0.10309257,3000.0,30.0,12,300.0,5.4237137,1559.2095,227.41357,-28.022095,159.03674,-181.30162,3587.8447,0.0,0.13500136,0.13500136,5e-05,0.0003,45.931522,0.009139735507965088,302.83475637435913,25000,,,,,,,,,,,,,,,,,,,,,,,
0.0072050556,0.0,1.0804813,0.13835882,3000.0,30.0,14,300.0,9.407816,1693.1427,283.22867,-42.903,334.08957,-258.40396,3541.707,0.0,0.14949411,0.14949411,6e-05,0.0003,54.263252,0.009280003547668458,349.2349331378937,30000,,,,,,,,,,,,,,,,,,,,,,,
0.0077947914,0.0,0.7414462,0.16318478,3000.0,30.0,17,300.0,13.108076,1801.6625,321.78485,-71.13845,118.98018,-255.27385,3610.4724,0.0,0.120992735,0.120992735,6.9999995e-05,0.0003,49.413692,0.00913628807067871,394.9165325164795,35000,,,,,,,,,,,,,,,,,,,,,,,
0.0058765193,0.0,0.6881776,0.17164251,3000.0,30.0,19,300.0,30.873905,1881.6317,334.83252,-119.93005,191.29607,-161.34949,3275.9258,0.0,0.11812053,0.11812053,8e-05,0.0003,66.31594,0.009004515838623047,439.93926978111267,40000,,,,,,,,,,,,,,,,,,,,,,,
0.0062793056,0.0,0.7911831,0.14742358,3000.0,30.0,20,300.0,22.38866,1949.9733,322.90292,-176.58006,108.58067,-221.55577,3304.809,0.0,0.11663905,0.11663905,8.9999994e-05,0.0003,57.386654,0.00911640248298645,485.5214354991913,45000,,,,,,,,,,,,,,,,,,,,,,,
0.006053368,0.0,0.7472484,0.13773783,3000.0,30.0,20,300.0,51.03579,2007.471,362.5199,-270.31506,95.125175,-208.88066,5011.8115,0.0,0.10292437,0.10292437,1e-04,0.0003,81.91916,0.008462310838699342,527.8331453800201,50000,,,,,,,,,,,,,,,,,,,,,,,
0.0055985455,0.0,0.91063875,0.1260694,3000.0,30.0,20,300.0,25.121262,2055.8418,355.36356,-341.69635,70.176605,-98.88217,4697.3574,0.0,0.11480367,0.11480367,9.999385e-05,0.0003,59.567963,0.008874177980422974,572.2041993141174,55000,,,,,,,,,,,,,,,,,,,,,,,
0.0037193964,0.0,0.7205851,0.12079789,3000.0,30.0,20,300.0,23.287756,2093.916,321.59412,-285.1059,113.86047,-94.728615,3406.0195,0.0,0.08704516,0.08704516,9.99754e-05,0.0003,49.40502,0.008983419370651245,617.1214499473572,60000,,,,,,,,,,,,,,,,,,,,,,,
0.0043891864,0.0,0.73689705,0.11421273,3000.0,30.0,20,300.0,11.839169,2127.6897,444.21136,-250.78783,55.892494,-100.373276,2307.5332,0.0,0.084163025,0.084163025,9.994465e-05,0.0003,37.092464,0.008866293859481811,661.4530680179596,65000,,,,,,,,,,,,,,,,,,,,,,,
0.0049578506,0.0,1.0478504,0.109439924,3000.0,30.0,20,300.0,88.37747,2146.759,422.04993,-308.98715,63.526413,-81.340454,3984.6118,0.0,0.11467666,0.11467666,9.990162e-05,0.0003,122.78543,0.00903541955947876,706.6303191184998,70000,,,,,,,,,,,,,,,,,,,,,,,
0.0060599907,0.0,0.9158348,0.10610192,3000.0,30.0,20,300.0,11.909664,2160.5688,386.1513,-149.48979,72.827194,-79.272354,2457.156,0.0,0.09717183,0.09717183,9.984629e-05,0.0003,41.067272,0.008776776361465455,750.5143501758575,75000,,,,,,,,,,,,,,,,,,,,,,,
0.0042699715,0.0,0.79901177,0.10268831,3000.0,30.0,20,300.0,20.082018,2168.7998,384.83447,-239.78633,48.985806,-68.21812,2300.3442,0.0,0.08204917,0.08204917,9.977873e-05,0.0003,44.70104,0.008874770259857178,794.888346195221,80000,,,,,,,,,,,,,,,,,,,,,,,
0.0043154126,0.0,0.9435969,0.0976716,3000.0,30.0,20,300.0,160.71518,2174.7979,393.87494,-181.14392,262.55386,-309.3289,11335.762,0.0,0.09216262,0.09216262,9.969891e-05,0.0003,188.36829,0.008945376205444337,839.6153681278229,85000,,,,,,,,,,,,,,,,,,,,,,,
0.0028008048,0.0,0.79435754,0.0918976,3000.0,30.0,20,300.0,67.651276,2186.3542,368.7235,-578.9692,449.89398,-310.67352,11276.648,0.0,0.072999544,0.072999544,9.9606885e-05,0.0003,89.55394,0.008948783111572265,884.359438419342,90000,,,,,,,,,,,,,,,,,,,,,,,
0.0042990795,0.0,0.82433975,0.0888991,3000.0,30.0,20,300.0,14.253607,2196.5447,396.71503,-115.73654,66.42,-60.335033,2085.6558,0.0,0.07328306,0.07328306,9.950265e-05,0.0003,36.242825,0.008770794010162354,928.2135536670685,95000,,,,,,,,,,,,,,,,,,,,,,,
0.0023380255,0.0,1.0341915,0.08939232,3000.0,30.0,20,300.0,75.33693,2199.7295,411.68097,-462.14447,58.36292,-39.800182,2804.417,0.0,0.09244877,0.09244877,9.938626e-05,0.0003,103.0739,0.008931958150863648,972.8734691143036,100000,,,,,,,,,,,,,,,,,,,,,,,
0.0048440807,0.0,1.0208418,0.08664017,3000.0,30.0,20,300.0,17.380072,2209.2053,422.82104,-392.6408,30.833504,-52.130444,1919.1207,0.0,0.08844591,0.08844591,9.9257726e-05,0.0003,43.91869,0.014995119857788087,1047.8492946624756,105000,,,,,,,,,,,,,,,,,,,,,,,
0.0031079305,0.0,0.8301016,0.0853377,3000.0,30.0,20,300.0,7.3166423,2208.7942,383.99884,-337.89633,53.66899,-37.168365,1523.1387,0.0,0.070838965,0.070838965,9.91171e-05,0.0003,28.57144,0.010138347434997558,1098.5412545204163,110000,,,,,,,,,,,,,,,,,,,,,,,
0.004329338,0.0,0.97772783,0.08159559,3000.0,30.0,20,300.0,72.49535,2213.3015,369.23218,-170.73744,168.43777,-133.6086,5177.255,0.0,0.07977828,0.07977828,9.896442e-05,0.0003,96.43317,0.010510694837570191,1151.0950238704681,115000,,,,,,,,,,,,,,,,,,,,,,,
0.0047176164,0.0,0.92060935,0.08106945,3000.0,30.0,20,300.0,6.6297865,2207.082,363.15814,-50.276066,31.893112,-38.07883,1808.0052,0.0,0.07463329,0.07463329,9.8799705e-05,0.0003,29.024492,0.0101465491771698,1201.8280675411224,120000,,,,,,,,,,,,,,,,,,,,,,,
0.0046182373,0.0,0.71970475,0.07930221,3000.0,30.0,20,300.0,23.62899,2220.0981,419.4143,-186.68936,44.522125,-181.55946,2720.9548,0.0,0.057074178,0.057074178,9.8623015e-05,0.0003,40.75586,0.01043968939781189,1254.0268092155457,125000,,,,,,,,,,,,,,,,,,,,,,,
0.0038978145,0.0,1.118671,0.07859313,3000.0,30.0,20,300.0,13.858223,2128.8506,374.67938,-49.10732,49.331703,-31.611414,1812.4988,0.0,0.087919846,0.087919846,9.843441e-05,0.0003,40.238075,0.010073837518692017,1304.3962700366974,130000,,,,,,,,,,,,,,,,,,,,,,,
0.0029591648,0.0,0.8281083,0.07792422,3000.0,30.0,20,300.0,9.873969,2153.9033,347.2729,-55.53845,33.441307,-31.212315,1661.5217,0.0,0.064529695,0.064529695,9.823391e-05,0.0003,29.235836,0.00992582926750183,1354.0256702899933,135000,,,,,,,,,,,,,,,,,,,,,,,
0.003415518,0.0,1.0213974,0.07452624,3000.0,30.0,20,300.0,6.4130387,2227.116,412.90155,-61.92318,42.247948,-50.266975,1746.5198,0.0,0.07612091,0.07612091,9.8021614e-05,0.0003,29.252728,0.009867987871170044,1403.3658668994904,140000,,,,,,,,,,,,,,,,,,,,,,,
0.0025517605,0.0,0.7354559,0.073615365,3000.0,30.0,20,300.0,5.9797173,2115.6233,394.01245,-80.208176,28.847551,-29.479258,1380.4287,0.0,0.05414085,0.05414085,9.779754e-05,0.0003,22.224525,0.009733698272705078,1452.0345947742462,145000,,,,,,,,,,,,,,,,,,,,,,,
0.0027509278,0.0,0.9473252,0.07280496,3000.0,30.0,20,300.0,6.8569894,2232.41,398.00958,-55.37072,21.192993,-33.786823,1514.4805,0.0,0.06896997,0.06896997,9.756177e-05,0.0003,27.550732,0.00940441164970398,1499.0568931102753,150000,,,,,,,,,,,,,,,,,,,,,,,
0.003680562,0.0,0.9876593,0.07177324,3000.0,30.0,20,300.0,8.526618,2101.5151,349.63464,-56.90424,43.1589,-39.811337,1941.9426,0.0,0.070887506,0.070887506,9.7314376e-05,0.0003,29.79655,0.009453777170181274,1546.3260538578033,155000,,,,,,,,,,,,,,,,,,,,,,,
0.0024430268,0.0,0.9435668,0.0706337,3000.0,30.0,20,300.0,4.8379393,2238.2104,397.18036,-49.971016,31.399757,-33.393345,1345.6719,0.0,0.06664762,0.06664762,9.7055396e-05,0.0003,24.834667,0.009950183391571044,1596.0772404670715,160000,,,,,,,,,,,,,,,,,,,,,,,
0.003052533,0.0,0.9844338,0.06865267,3000.0,30.0,20,300.0,6.8108926,2079.5625,357.09747,-56.28097,53.55496,-48.859333,1800.6035,0.0,0.06758401,0.06758401,9.6784934e-05,0.0003,27.089148,0.009961899280548095,1645.8870017528534,165000,,,,,,,,,,,,,,,,,,,,,,,
0.0028708882,0.0,0.84865886,0.06804754,3000.0,30.0,20,300.0,16.668428,2241.348,391.7782,-49.012115,33.46219,-31.909653,2150.7515,0.0,0.057749145,0.057749145,9.6503034e-05,0.0003,33.99604,0.010007479906082153,1695.9246702194214,170000,,,,,,,,,,,,,,,,,,,,,,,
0.0035387408,0.0,0.7971398,0.06470031,3000.0,30.0,20,300.0,25.895655,2241.4,386.56702,-45.74089,46.72017,-24.651812,1845.2786,0.0,0.0515752,0.0515752,9.62098e-05,0.0003,41.371754,0.009815818548202515,1745.0040183067322,175000,,,,,,,,,,,,,,,,,,,,,,,
0.003350415,0.0,1.0136153,0.06442387,3000.0,30.0,20,300.0,5.3174367,2072.0205,398.962,-37.825912,33.51505,-29.269876,1604.4882,0.0,0.065301016,0.065301016,9.59053e-05,0.0003,24.911093,0.01024663496017456,1796.2374951839447,180000,,,,,,,,,,,,,,,,,,,,,,,
0.002169659,0.0,1.0209304,0.06222263,3000.0,30.0,20,300.0,5.263015,2081.1853,360.97675,-39.81326,31.386255,-21.698076,1657.7354,0.0,0.06352498,0.06352498,9.558961e-05,0.0003,24.322678,0.010056537199020386,1846.5204701423645,185000,,,,,,,,,,,,,,,,,,,,,,,
0.0023407228,0.0,1.2204472,0.060491957,3000.0,30.0,20,300.0,13.357958,2223.5544,376.5709,-43.50891,43.217617,-34.77455,2287.1572,0.0,0.07382724,0.07382724,9.526282e-05,0.0003,35.50847,0.010193508577346801,1897.4882748126984,190000,,,,,,,,,,,,,,,,,,,,,,,
0.0026427668,0.0,1.0074939,0.05974818,3000.0,30.0,20,300.0,4.0172462,2215.9653,368.09274,-36.565918,37.154346,-49.017044,1599.5486,0.0,0.060195927,0.060195927,9.4925024e-05,0.0003,22.078667,0.00995793170928955,1947.2781047821045,195000,,,,,,,,,,,,,,,,,,,,,,,
0.003272695,0.0,1.0853994,0.05806696,3000.0,30.0,20,300.0,4.4488173,2063.627,305.9965,-37.453625,38.160236,-38.074444,1572.3103,0.0,0.06302585,0.06302585,9.457632e-05,0.0003,23.359844,0.010051188468933105,1997.5343263149261,200000,,,,,,,,,,,,,,,,,,,,,,,
0.0024849598,0.0,1.0579588,0.058508236,3000.0,30.0,20,300.0,4.226171,2192.6802,345.06366,-41.017902,31.454058,-32.194317,1456.6964,0.0,0.061899304,0.061899304,9.42168e-05,0.0003,22.798447,0.014241128063201904,2068.7401661872864,205000,,,,,,,,,,,,,,,,,,,,,,,
0.002718726,0.0,0.8525332,0.058525473,3000.0,30.0,20,300.0,3.53789,2066.601,315.0222,-37.10975,38.790756,-36.529633,1398.742,0.0,0.04989491,0.04989491,9.384654e-05,0.0003,18.509083,0.010048908329010009,2118.9849264621735,210000,,,,,,,,,,,,,,,,,,,,,,,
0.0024577724,0.0,0.99463594,0.05734569,3000.0,30.0,20,300.0,4.4138556,2164.2986,396.20447,-35.38648,25.593721,-34.58664,1503.5897,0.0,0.057038084,0.057038084,9.346567e-05,0.0003,21.527739,0.009879757165908814,2168.3839914798737,215000,,,,,,,,,,,,,,,,,,,,,,,
0.0020195195,0.0,0.80039966,0.05724735,3000.0,30.0,20,300.0,3.839928,2149.7188,383.52005,-36.33786,26.743483,-21.591267,1316.7704,0.0,0.045820758,0.045820758,9.30743e-05,0.0003,17.588175,0.009917481899261475,2217.9717037677765,220000,,,,,,,,,,,,,,,,,,,,,,,
0.002563341,0.0,1.0600873,0.056475323,3000.0,30.0,20,300.0,4.335822,2143.342,336.9621,-29.05376,24.14166,-25.501358,1485.3737,0.0,0.059868775,0.059868775,9.267249e-05,0.0003,22.299019,0.010035765552520752,2268.150809288025,225000,,,,,,,,,,,,,,,,,,,,,,,
0.0017954173,0.0,0.9359385,0.056261707,3000.0,30.0,20,300.0,3.9821973,2059.731,392.74042,-27.65083,23.643051,-29.170017,1375.713,0.0,0.052657496,0.052657496,9.2260394e-05,0.0003,19.781242,0.009892860984802247,2317.6153106689453,230000,,,,,,,,,,,,,,,,,,,,,,,
0.0036122105,0.0,1.1438981,0.053905774,3000.0,30.0,20,300.0,4.6057935,2115.3496,377.06668,-33.442688,28.972197,-19.833406,1558.4514,0.0,0.061662715,0.061662715,9.183811e-05,0.0003,23.10822,0.009922984123229981,2367.2304508686066,235000,,,,,,,,,,,,,,,,,,,,,,,
0.0028583899,0.0,0.76058096,0.05571518,3000.0,30.0,20,300.0,2.2503676,2109.957,390.4123,-26.256723,20.089458,-29.212784,1298.5266,0.0,0.042375907,0.042375907,9.1405775e-05,0.0003,14.965999,0.009744699096679688,2415.954154729843,240000,,,,,,,,,,,,,,,,,,,,,,,
0.0024785881,0.0,1.0012157,0.052918673,3000.0,30.0,20,300.0,3.7680705,2096.163,331.17273,-32.03808,56.328403,-44.539276,1642.9631,0.0,0.05298301,0.05298301,9.0963455e-05,0.0003,19.665451,0.009919113779067993,2465.5499625205994,245000,,,,,,,,,,,,,,,,,,,,,,,
0.0024320106,0.0,0.8552104,0.05175596,3000.0,30.0,20,300.0,2.7776418,2088.6963,355.50958,-35.739334,22.415638,-17.405088,1134.4548,0.0,0.044262238,0.044262238,9.051133e-05,0.0003,16.058744,0.009677402782440185,2513.9371843338013,250000,,,,,,,,,,,,,,,,,,,,,,,
0.0023711352,0.0,0.80264485,0.05069968,3000.0,30.0,20,300.0,3.774148,2086.8901,359.46268,-33.661926,24.261805,-22.815248,1235.5206,0.0,0.040693834,0.040693834,9.004948e-05,0.0003,15.984669,0.00980493392944336,2562.9620566368103,255000,,,,,,,,,,,,,,,,,,,,,,,
0.002086971,0.0,1.0371194,0.050165474,3000.0,30.0,20,300.0,3.9466987,2081.3281,342.9026,-32.383095,25.389837,-45.085083,1517.2976,0.0,0.052027587,0.052027587,8.9578054e-05,0.0003,19.557062,0.009640232515335082,2611.1634204387665,260000,,,,,,,,,,,,,,,,,,,,,,,
0.0025931816,0.0,0.8066934,0.050020397,3000.0,30.0,20,300.0,6.69241,2052.4277,382.07654,-31.339712,21.655315,-24.6807,1310.635,0.0,0.040351123,0.040351123,8.909717e-05,0.0003,18.80034,0.009809275579452515,2660.2100038528442,265000,,,,,,,,,,,,,,,,,,,,,,,
0.0026840917,0.0,1.1718478,0.049442306,3000.0,30.0,20,300.0,4.6621246,2071.7837,348.55603,-25.484594,39.633602,-32.09325,1552.0051,0.0,0.05793886,0.05793886,8.860696e-05,0.0003,22.046467,0.009867098236083985,2709.545699119568,270000,,,,,,,,,,,,,,,,,,,,,,,
0.0022283257,0.0,1.0561445,0.050584137,3000.0,30.0,20,300.0,2.1860409,2064.2078,393.6104,-26.43988,34.76042,-21.720337,1412.7917,0.0,0.05342416,0.05342416,8.810758e-05,0.0003,18.215517,0.009803637552261352,2758.5640799999237,275000,,,,,,,,,,,,,,,,,,,,,,,
0.0026486942,0.0,1.0480651,0.04827641,3000.0,30.0,20,300.0,2.9260077,2056.9016,419.60156,-26.627903,25.88825,-31.381182,1463.8921,0.0,0.050596822,0.050596822,8.759914e-05,0.0003,18.107702,0.009612083673477172,2806.6246790885925,280000,,,,,,,,,,,,,,,,,,,,,,,
0.002119058,0.0,1.2846282,0.048631232,3000.0,30.0,20,300.0,1.9648756,2062.5405,392.10452,-28.284927,39.019276,-29.427588,1496.2468,0.0,0.06247305,0.06247305,8.708179e-05,0.0003,20.70891,0.00962353687286377,2854.742520570755,285000,,,,,,,,,,,,,,,,,,,,,,,
0.0026246826,0.0,1.0222925,0.04889393,3000.0,30.0,20,300.0,1.9518455,2048.816,369.95407,-28.096195,31.94178,-41.399654,1367.0146,0.0,0.049983893,0.049983893,8.655565e-05,0.0003,16.949638,0.009779442691802979,2903.639912843704,290000,,,,,,,,,,,,,,,,,,,,,,,
0.0029667031,0.0,0.89846826,0.049951475,3000.0,30.0,20,300.0,2.2539663,2049.2844,439.302,-26.94717,43.210953,-71.90069,1627.2467,0.0,0.044879816,0.044879816,8.602091e-05,0.0003,15.720879,0.009616189289093018,2951.721009016037,295000,,,,,,,,,,,,,,,,,,,,,,,
0.002353707,0.0,0.9060161,0.04850177,3000.0,30.0,20,300.0,2.437422,2051.0837,372.35016,-28.6398,25.02252,-26.330006,1278.5056,0.0,0.043943387,0.043943387,8.547767e-05,0.0003,15.622791,0.009775100898742676,3000.5966618061066,300000,,,,,,,,,,,,,,,,,,,,,,,
0.0021859286,0.0,0.8489818,0.048239104,3000.0,30.0,20,300.0,1.6505972,2048.4448,405.39142,-26.91026,22.672377,-22.427298,1295.6636,0.0,0.04095412,0.04095412,8.49261e-05,0.0003,13.939019,0.014625143718719482,3073.722693681717,305000,,,,,,,,,,,,,,,,,,,,,,,
0.0023847127,0.0,1.0547259,0.04791304,3000.0,30.0,20,300.0,1.6716089,2046.7192,357.5713,-27.266504,81.677124,-61.19808,1712.4307,0.0,0.05053512,0.05053512,8.436636e-05,0.0003,16.83453,0.010444773626327515,3125.946870803833,310000,,,,,,,,,,,,,,,,,,,,,,,
0.0021922477,0.0,1.0818026,0.046884302,3000.0,30.0,20,300.0,2.0712023,2047.4672,354.65793,-30.86052,43.087234,-25.89776,1500.5867,0.0,0.050719563,0.050719563,8.3798586e-05,0.0003,17.289263,0.01020279426574707,3176.9610073566437,315000,,,,,,,,,,,,,,,,,,,,,,,
0.0028528506,0.0,0.9378326,0.04744688,3000.0,30.0,20,300.0,2.45987,2046.626,312.2702,-25.684067,33.350918,-25.93491,1424.5344,0.0,0.04449723,0.04449723,8.322294e-05,0.0003,15.811892,0.010550763416290283,3229.7149028778076,320000,,,,,,,,,,,,,,,,,,,,,,,
0.0029628032,0.0,0.81746465,0.04773819,3000.0,30.0,20,300.0,2.570715,2047.0409,364.1115,-23.599869,32.21461,-27.417185,1364.3567,0.0,0.039024282,0.039024282,8.263957e-05,0.0003,14.280963,0.010451933765411377,3281.9747483730316,325000,,,,,,,,,,,,,,,,,,,,,,,
0.0025303445,0.0,1.0225955,0.047951918,3000.0,30.0,20,300.0,1.8222142,2046.2588,358.96027,-24.36313,33.72624,-31.640251,1440.0132,0.0,0.04903542,0.04903542,8.2048646e-05,0.0003,16.53537,0.010154572534561158,3332.747797727585,330000,,,,,,,,,,,,,,,,,,,,,,,
0.0016744519,0.0,0.9399628,0.047094963,3000.0,30.0,20,300.0,1.6657267,2045.2251,335.43924,-27.14593,34.332474,-27.832169,1562.0247,0.0,0.044267513,0.044267513,8.1450344e-05,0.0003,14.947655,0.010344396877288818,3384.469966650009,335000,,,,,,,,,,,,,,,,,,,,,,,
0.0020606918,0.0,0.72848153,0.047197647,3000.0,30.0,20,300.0,2.3338761,2044.9956,368.6239,-27.440577,33.757954,-26.698942,1264.9307,0.0,0.034382615,0.034382615,8.0844795e-05,0.0003,12.650722,0.010304233503341675,3435.99139380455,340000,,,,,,,,,,,,,,,,,,,,,,,
0.0024441972,0.0,0.8401894,0.04522137,3000.0,30.0,20,300.0,1.4131031,2044.9647,300.58502,-25.060705,47.794636,-30.664295,1459.1775,0.0,0.037994515,0.037994515,8.0232174e-05,0.0003,12.813902,0.010121303844451904,3486.5981709957123,345000,,,,,,,,,,,,,,,,,,,,,,,
0.0020021382,0.0,0.8785057,0.04554866,3000.0,30.0,20,300.0,1.2435334,2045.5188,425.46625,-26.447763,41.053413,-25.891817,1556.5548,0.0,0.040014755,0.040014755,7.961267e-05,0.0003,13.249963,0.01027583613395691,3537.9776344299316,350000,,,,,,,,,,,,,,,,,,,,,,,
0.0021921932,0.0,1.1342093,0.044769377,3000.0,30.0,20,300.0,2.4699013,2044.5536,365.42615,-25.81773,27.599514,-35.54187,1447.3083,0.0,0.050777845,0.050777845,7.898643e-05,0.0003,17.705448,0.01045049352645874,3590.23038315773,355000,,,,,,,,,,,,,,,,,,,,,,,
0.0021890046,0.0,0.83886003,0.043597616,3000.0,30.0,20,300.0,1.9322649,2044.3689,363.91635,-29.38373,27.579191,-36.319633,1339.8538,0.0,0.036572296,0.036572296,7.835362e-05,0.0003,12.906143,0.010464518213272095,3642.553256034851,360000,,,,,,,,,,,,,,,,,,,,,,,
0.0013892795,0.0,0.88914603,0.041072946,3000.0,30.0,20,300.0,1.403266,2044.4321,363.67627,-24.500834,32.772755,-53.228,1521.604,0.0,0.036519844,0.036519844,7.7714445e-05,0.0003,12.360609,0.010595852375030518,3695.532797574997,365000,,,,,,,,,,,,,,,,,,,,,,,
0.0019007958,0.0,0.9923599,0.040799543,3000.0,30.0,20,300.0,2.086157,2044.0645,318.54996,-26.424969,47.13632,-33.043484,1522.0176,0.0,0.04048783,0.04048783,7.706907e-05,0.0003,14.234407,0.010382196044921875,3747.444060087204,370000,,,,,,,,,,,,,,,,,,,,,,,
0.002081127,0.0,1.0703982,0.03972311,3000.0,30.0,20,300.0,1.5079746,2045.0239,394.10254,-25.018501,33.659977,-36.95161,1483.6725,0.0,0.042519547,0.042519547,7.641764e-05,0.0003,14.26592,0.010538574123382568,3800.1371970176697,375000,,,,,,,,,,,,,,,,,,,,,,,
0.0022312792,0.0,0.93835664,0.039981876,3000.0,30.0,20,300.0,1.8977845,2044.2155,338.64026,-29.802885,21.306177,-24.138395,1477.7411,0.0,0.037517257,0.037517257,7.5760356e-05,0.0003,13.155193,0.010319434881210328,3851.734437942505,380000,,,,,,,,,,,,,,,,,,,,,,,
0.0022344715,0.0,1.0019319,0.04001876,3000.0,30.0,20,300.0,2.2516115,2044.826,357.98383,-27.083208,27.373161,-24.946962,1381.7297,0.0,0.04009607,0.04009607,7.50974e-05,0.0003,14.282667,0.01033325343132019,3903.4008576869965,385000,,,,,,,,,,,,,,,,,,,,,,,
0.002212404,0.0,0.7469688,0.038417567,3000.0,30.0,20,300.0,3.9195113,2043.6237,306.48517,-27.261518,22.264467,-26.26573,1382.4219,0.0,0.028696723,0.028696723,7.442894e-05,0.0003,12.530741,0.010400152778625488,3955.4018743038177,390000,,,,,,,,,,,,,,,,,,,,,,,
0.0015917403,0.0,0.861061,0.03767475,3000.0,30.0,20,300.0,1.6219573,2043.7987,359.04663,-28.581076,67.50666,-47.594585,1506.5071,0.0,0.032440256,0.032440256,7.375519e-05,0.0003,11.355625,0.010025787258148193,4005.5310442447662,395000,,,,,,,,,,,,,,,,,,,,,,,
0.0024821681,0.0,0.9912471,0.037522346,3000.0,30.0,20,300.0,1.6597357,2044.1713,341.8551,-27.953966,35.175854,-26.095354,1322.6282,0.0,0.037193917,0.037193917,7.30763e-05,0.0003,12.820394,0.010222777795791626,4056.645205259323,400000,,,,,,,,,,,,,,,,,,,,,,,
0.0028413371,0.0,1.2377561,0.038327128,3000.0,30.0,20,300.0,1.7170478,2044.525,343.86865,-28.281248,46.754414,-68.96594,1847.3425,0.0,0.047439635,0.047439635,7.239246e-05,0.0003,15.95178,0.014816047382354737,4130.7256400585175,405000,,,,,,,,,,,,,,,,,,,,,,,
0.0021366929,0.0,0.9932276,0.037338328,3000.0,30.0,20,300.0,1.0610284,2041.0988,367.39432,-28.82704,19.58209,-22.783192,1306.9077,0.0,0.03708546,0.03708546,7.170388e-05,0.0003,12.188803,0.01060039291381836,4183.727814435959,410000,,,,,,,,,,,,,,,,,,,,,,,
0.0018465958,0.0,0.9267102,0.037836008,3000.0,30.0,20,300.0,1.5022724,2042.3805,409.05524,-28.535679,71.41052,-31.698112,1482.7838,0.0,0.035063013,0.035063013,7.101073e-05,0.0003,12.023023,0.010364297199249268,4235.549530506134,415000,,,,,,,,,,,,,,,,,,,,,,,
0.0016270321,0.0,0.9897423,0.03705949,3000.0,30.0,20,300.0,2.0478687,2040.0426,388.06885,-26.248253,30.271997,-35.77226,1383.1838,0.0,0.036679342,0.036679342,7.0313195e-05,0.0003,13.053298,0.009802248620986938,4284.560992717743,420000,,,,,,,,,,,,,,,,,,,,,,,
0.0022735202,0.0,1.1863565,0.036680367,3000.0,30.0,20,300.0,1.6240232,2039.3673,325.9062,-27.475502,45.812656,-43.780354,1501.957,0.0,0.043515995,0.043515995,6.961148e-05,0.0003,14.681095,0.009721092414855958,4333.1666967868805,425000,,,,,,,,,,,,,,,,,,,,,,,
0.0016654712,0.0,0.7738816,0.03754082,3000.0,30.0,20,300.0,1.0857642,2038.9802,348.56613,-27.51147,31.26495,-24.499985,1328.824,0.0,0.02905215,0.02905215,6.890576e-05,0.0003,9.803075,0.00971677131652832,4381.750815868378,430000,,,,,,,,,,,,,,,,,,,,,,,
0.0022217862,0.0,1.2380902,0.037040006,3000.0,30.0,20,300.0,1.1685592,2036.4907,318.99878,-26.256943,28.100544,-23.002792,1510.0175,0.0,0.045858867,0.045858867,6.8196256e-05,0.0003,14.928441,0.01007737317085266,4432.137941598892,435000,,,,,,,,,,,,,,,,,,,,,,,
0.0018791669,0.0,0.78532535,0.037270024,3000.0,30.0,20,300.0,5.1542706,2037.015,386.9414,-27.466791,35.264793,-25.83939,1371.9639,0.0,0.029269096,0.029269096,6.748313e-05,0.0003,13.936878,0.010008495330810547,4482.180675029755,440000,,,,,,,,,,,,,,,,,,,,,,,
0.0025340864,0.0,1.2068079,0.03602163,3000.0,30.0,20,300.0,0.9692695,2036.6926,310.83337,-27.500814,48.519592,-38.43614,1718.009,0.0,0.043471187,0.043471187,6.67666e-05,0.0003,14.01316,0.009967432880401611,4532.0180876255035,445000,,,,,,,,,,,,,,,,,,,,,,,
0.0015957912,0.0,0.9188277,0.036036782,3000.0,30.0,20,300.0,0.7514883,2036.6381,408.7357,-26.453825,21.956903,-27.006516,1258.6605,0.0,0.033111595,0.033111595,6.604685e-05,0.0003,10.686563,0.009706918382644654,4580.552871704102,450000,,,,,,,,,,,,,,,,,,,,,,,
0.0014869777,0.0,1.3253455,0.035575945,3000.0,30.0,20,300.0,1.0645937,2014.5538,319.61835,-27.326082,48.9691,-43.725628,1690.9036,0.0,0.04715042,0.04715042,6.5324086e-05,0.0003,15.211206,0.009272034311294556,4626.9132788181305,455000,,,,,,,,,,,,,,,,,,,,,,,
0.0018540347,0.0,0.8531104,0.035214305,3000.0,30.0,20,300.0,4.3582973,2036.9417,399.0254,-28.152437,41.509483,-27.494425,1444.6761,0.0,0.030041689,0.030041689,6.4598484e-05,0.0003,13.372658,0.009183146858215332,4672.829257011414,460000,,,,,,,,,,,,,,,,,,,,,,,
0.00202413,0.0,1.1383183,0.03509742,3000.0,30.0,20,300.0,1.100735,2038.2505,328.17484,-28.87884,20.628336,-21.276693,1416.6466,0.0,0.039952036,0.039952036,6.387027e-05,0.0003,13.08837,0.010468567657470703,4725.172345638275,465000,,,,,,,,,,,,,,,,,,,,,,,
0.0017074952,0.0,1.0715588,0.034901127,3000.0,30.0,20,300.0,1.3120586,2035.5271,349.08142,-27.558704,29.15018,-26.8027,1473.7268,0.0,0.03739861,0.03739861,6.3139625e-05,0.0003,12.53335,0.010154944705963134,4775.947311162949,470000,,,,,,,,,,,,,,,,,,,,,,,
0.0015226112,0.0,1.2305946,0.03530922,3000.0,30.0,20,300.0,1.1319731,2037.2249,371.86047,-26.724436,28.819504,-28.685286,1353.7346,0.0,0.04345134,0.04345134,6.2406754e-05,0.0003,14.168898,0.010397952222824096,4827.937309741974,475000,,,,,,,,,,,,,,,,,,,,,,,
0.0014921946,0.0,0.9722242,0.03531471,3000.0,30.0,20,300.0,1.5662136,2036.2405,360.27103,-27.274284,30.45182,-39.074215,1763.8296,0.0,0.034333814,0.034333814,6.167186e-05,0.0003,11.86785,0.010264393854141235,4879.259533405304,480000,,,,,,,,,,,,,,,,,,,,,,,
0.0022374473,0.0,0.873863,0.03570447,3000.0,30.0,20,300.0,1.1739285,2036.3477,319.38025,-27.561266,24.913788,-33.507793,1423.077,0.0,0.031200815,0.031200815,6.093515e-05,0.0003,10.53641,0.010367965030670166,4931.099627494812,485000,,,,,,,,,,,,,,,,,,,,,,,
0.0020990465,0.0,1.0219927,0.035256702,3000.0,30.0,20,300.0,0.83307326,2034.9218,351.051,-27.592215,34.119373,-75.35124,1538.9944,0.0,0.03603209,0.03603209,6.0196806e-05,0.0003,11.6448,0.010346149826049804,4982.830603837967,490000,,,,,,,,,,,,,,,,,,,,,,,
0.0018556411,0.0,0.98547924,0.034659754,3000.0,30.0,20,300.0,1.9406147,2035.4703,345.17993,-27.49453,36.264263,-25.71673,1303.4656,0.0,0.034156468,0.034156468,5.945705e-05,0.0003,12.189411,0.01031132173538208,5034.3874406814575,495000,,,,,,,,,,,,,,,,,,,,,,,
0.001582948,0.0,,,,,,,1.6765381,2032.8092,323.33017,-27.378761,4.8251953,-1.6648492,106.06515,,,,,,1.7611777,0.014502413129806518,5106.899512290955,500000,0.77734375,0.117047995,0.08040827,0.0846396,0.29558825,0.001582948,323.32733,0.0026483866,0.0,0.38709587,0.38709587,0.1,1.0,0.03699415,0.22262305,226.50421,,,,,,,
6.357883e-05,0.0,,,,,,,118.96768,2032.7954,446.64243,-26.125265,44.880795,-66.16892,2530.0312,,,,,,119.065506,0.018052759265899658,5197.16331410408,505000,0.09765625,0.004185268,0.065995276,0.09782074,0.09344208,6.357883e-05,453.75684,0.03176188,0.0,1.1010519,1.1010519,0.1,1.0,0.018025726,0.1810285,590.547,,,,,,,
0.00013742156,0.0,,,,,,,284.24103,2056.603,798.302,277.578,199.18655,-174.9093,7949.8877,,,,,,284.52286,0.01090033016204834,5251.664970636368,510000,0.24609375,0.013253349,0.25324473,0.28181666,0.09888649,0.00013742156,819.9176,0.028434504,0.0,1.7003297,1.7003297,0.1,1.0,0.006819836,0.23125,710.2776,,,,,,,
2.8086777e-05,0.0,,,,,,,100.83107,2067.8337,1290.378,907.0026,27.038548,-37.266205,1931.9854,,,,,,101.225555,0.010878076839447021,5306.05536031723,515000,0.0703125,0.0026506698,0.38319868,0.39448172,0.044893026,2.8086777e-05,1309.0483,0.011254979,0.0,1.5339581,1.5339581,0.1,1.0,0.0021103546,0.23911095,1324.1956,,,,,,,
3.189612e-05,0.0,,,,,,,31.304298,2069.4666,1339.4421,1064.6134,20.011297,-90.74829,1416.3441,,,,,,31.37835,0.010551656103134155,5358.813645601273,520000,0.11328125,0.004464286,0.06298922,0.074051835,0.027064443,3.189612e-05,1345.3906,0.011030718,0.0,0.996417,0.996417,0.1,1.0,0.0014352652,0.18644884,1378.1012,,,,,,,
2.233315e-05,0.0,,,,,,,17.85011,2059.1594,1227.2843,936.7682,73.34956,-15.483637,1414.4811,,,,,,17.90592,0.010536256647109986,5411.4949333667755,525000,0.05078125,0.001953125,0.046309557,0.05581009,0.04636371,2.233315e-05,1232.4167,0.009478199,0.0,0.81551814,0.81551814,0.1,1.0,0.0017377642,0.16548535,1272.0441,,,,,,,
5.3876116e-05,0.0,,,,,,,56.359474,2063.2239,1330.0265,845.1347,29.723625,-25.31113,1564.1611,,,,,,56.4714,0.0105268000125885,5464.12893819809,530000,0.08203125,0.0036272323,0.10029869,0.11192724,0.13590288,5.3876116e-05,1338.3997,0.011574675,0.0,1.1869957,1.1869957,0.1,1.0,0.0016884425,0.21445613,1366.5022,,,,,,,
6.704018e-05,0.0,,,,,,,17.795465,2055.8306,1222.5144,941.73535,40.535637,-31.505568,1052.3177,,,,,,17.883463,0.010563707065582276,5516.947480916977,535000,0.05859375,0.002092634,0.078624584,0.08799699,0.21574783,6.704018e-05,1226.0292,0.009305369,0.0,0.7759743,0.7759743,0.1,1.0,0.001373969,0.19484176,1304.4202,,,,,,,
1.6652164e-05,0.0,,,,,,,75.994194,2052.0986,1242.743,848.7749,40.5303,-57.027283,2102.6167,,,,,,76.046646,0.010582979488372803,5569.862383365631,540000,0.08203125,0.0029296877,0.044734444,0.052453842,0.031099439,1.6652164e-05,1251.4178,0.007702747,0.0,1.2398767,1.2398767,0.1,1.0,0.0018335264,0.17910537,1256.5784,,,,,,,
2.4986271e-05,0.0,,,,,,,38.807392,2047.6721,1129.261,776.8529,51.077896,-168.60521,1937.8533,,,,,,38.872772,0.010537069940567016,5622.547738313675,545000,0.12890625,0.0051618307,0.057376675,0.065378964,0.02208805,2.4986271e-05,1138.117,0.007977303,0.0,1.1431848,1.1431848,0.1,1.0,0.0018310528,0.19766004,1131.7269,,,,,,,
2.6872316e-05,0.0,,,,,,,24.383768,2045.4929,1138.269,746.58545,34.771275,-14.222736,938.84515,,,,,,24.450356,0.01054581389427185,5675.276813030243,550000,0.05859375,0.0023716518,0.058103852,0.06658736,0.059763074,2.6872316e-05,1143.8088,0.008456635,0.0,0.78922117,0.78922117,0.1,1.0,0.0013805877,0.19207284,1131.5908,,,,,,,
2.8260985e-05,0.0,,,,,,,23.913929,2036.3568,1182.7913,705.2068,17.11152,-56.07518,846.08325,,,,,,23.997402,0.010573924112319947,5728.146438360214,555000,0.08203125,0.0033482146,0.06923828,0.08347239,0.04916787,2.8260985e-05,1188.0306,0.014205851,0.0,1.0313255,1.0313255,0.1,1.0,0.0015996192,0.24316709,1123.1208,,,,,,,
6.162076e-05,0.0,,,,,,,46.961033,2043.581,1214.8501,773.33203,76.294464,-23.668936,1517.6653,,,,,,47.03803,0.010533808851242065,5780.815487623215,560000,0.12109375,0.0053013396,0.05969127,0.07699519,0.1092931,6.162076e-05,1222.9226,0.017242296,0.0,1.2580643,1.2580643,0.1,1.0,0.0017815364,0.18554717,1182.4331,,,,,,,
4.4507593e-05,0.0,,,,,,,14.486387,2046.7594,1118.0742,719.58636,32.068016,-8.462183,726.67725,,,,,,14.541818,0.010544238996505736,5833.536687850952,565000,0.1015625,0.004324777,0.04498922,0.055430494,0.0792743,4.4507593e-05,1121.9109,0.010396767,0.0,0.99924684,0.99924684,0.1,1.0,0.0014949823,0.23455624,1104.8247,,,,,,,
1.4366716e-05,0.0,,,,,,,50.96616,2044.6771,1118.8932,713.9749,66.34373,-64.492035,2034.4818,,,,,,51.045906,0.010646623706817626,5886.769810914993,570000,0.0546875,0.002232143,0.07111782,0.07974515,0.017588377,1.4366716e-05,1127.1686,0.008612971,0.0,1.0527408,1.0527408,0.1,1.0,0.0016212848,0.18875554,1107.4257,,,,,,,
2.0062236e-05,0.0,,,,,,,50.74991,2046.1892,1113.7472,560.67847,41.748657,-24.214933,1566.8136,,,,,,50.7918,0.01050314245223999,5939.285528182983,575000,0.08203125,0.0033482146,0.032715,0.04189397,0.03061533,2.0062236e-05,1127.3003,0.009158907,0.0,1.5669618,1.5669618,0.1,1.0,0.0025825386,0.25305423,1084.373,,,,,,,
8.775038e-06,0.0,,,,,,,45.16253,2053.183,1151.7651,715.62854,14.993748,-14.606542,879.2252,,,,,,45.360104,0.010565531969070435,5992.113193273544,580000,0.03125,0.0012555805,0.1788935,0.1975762,0.018228054,8.775038e-06,1159.8888,0.018673908,0.0,1.751862,1.751862,0.1,1.0,0.0035042772,0.16139513,1153.0559,,,,,,,
4.712767e-05,0.0,,,,,,,56.295006,2055.0518,1148.3784,702.8625,78.33645,-70.72576,2635.955,,,,,,56.358128,0.010558710670471191,6044.906752347946,585000,0.05859375,0.0023716518,0.05246034,0.06312295,0.1853205,4.712767e-05,1157.7969,0.010615486,0.0,1.8453432,1.8453432,0.1,1.0,0.0020664379,0.1984839,1155.4121,,,,,,,
1.7915754e-05,0.0,,,,,,,29.577724,2056.9734,1164.2441,657.50586,16.738068,-41.092045,1000.9783,,,,,,29.628057,0.010570900678634644,6097.761260271072,590000,0.04296875,0.0015345983,0.04153794,0.050333183,0.06976938,1.7915754e-05,1169.6049,0.008777327,0.0,0.97419894,0.97419894,0.1,1.0,0.001744882,0.2030056,1140.0856,,,,,,,
1.2994512e-05,0.0,,,,,,,50.186783,2054.8794,1129.3931,728.06476,36.240906,-14.185692,1013.9441,,,,,,50.23663,0.01055974326133728,6150.5599818229675,595000,0.03515625,0.0012555805,0.037265323,0.049847696,0.03485036,1.2994512e-05,1136.4076,0.012569379,0.0,1.0824431,1.0824431,0.1,1.0,0.001724265,0.16492172,1133.2743,,,,,,,
1.3269817e-05,0.0,,,,,,,22.2723,2054.7893,1093.895,739.38544,25.204002,-30.234056,944.02014,,,,,,22.331768,0.010590083312988281,6203.5104031562805,600000,0.0625,0.002232143,0.050600544,0.05946796,0.02053082,1.3269817e-05,1098.416,0.008854146,0.0,1.1269094,1.1269094,0.1,1.0,0.0018611338,0.18941647,1036.508,,,,,,,
5.717142e-05,0.0,,,,,,,30.017027,2054.7747,1015.86865,619.9244,25.814945,-14.793192,998.6502,,,,,,30.065811,0.01667142186164856,6286.867520570755,605000,0.11328125,0.004324777,0.040635485,0.048784416,0.13630795,5.717142e-05,1022.74097,0.008091761,0.0,1.1393739,1.1393739,0.1,1.0,0.0016810572,0.22734481,1047.5706,,,,,,,
1.0667352e-05,0.0,,,,,,,63.582596,2053.561,1092.0648,592.5171,176.3844,-19.225922,2275.317,,,,,,63.6195,0.012501163148880005,6349.373342990875,610000,0.0625,0.002232143,0.029648077,0.036902446,0.014258146,1.0667352e-05,1098.2032,0.007243705,0.0,0.85110843,0.85110843,0.1,1.0,0.0013821534,0.20449187,1097.4808,,,,,,,
2.1266702e-05,0.0,,,,,,,17.945215,2047.7201,1001.41943,729.4052,17.875715,-8.157484,585.2926,,,,,,17.996313,0.01254854998588562,6412.116101503372,615000,0.078125,0.0027901786,0.037697952,0.051097292,0.02579832,2.1266702e-05,1005.3357,0.013378073,0.0,0.92578423,0.92578423,0.1,1.0,0.0016773109,0.2152075,1035.9117,,,,,,,
1.3804363e-05,0.0,,,,,,,62.929092,2053.5244,1022.09314,485.55475,46.814186,-143.7135,2619.2427,,,,,,62.998062,0.012267789936065674,6473.455059289932,620000,0.0625,0.002232143,0.058747627,0.06896981,0.022837639,1.3804363e-05,1028.5221,0.010208379,0.0,1.2656494,1.2656494,0.1,1.0,0.002508388,0.24869537,994.5907,,,,,,,
1.6807862e-05,0.0,,,,,,,53.200264,2055.1724,1078.4036,510.27063,18.44722,-26.214983,1242.3499,,,,,,53.262444,0.012120387077331544,6534.057001590729,625000,0.08203125,0.0030691966,0.04084461,0.062179424,0.038826942,1.6807862e-05,1087.9165,0.021318002,0.0,1.4084291,1.4084291,0.1,1.0,0.0021096373,0.20217305,1136.244,,,,,,,
2.9068558e-05,0.0,,,,,,,13.33196,2058.6716,1000.7546,685.7763,33.863132,-33.449783,774.9918,,,,,,13.403689,0.011766189527511597,6592.887958288193,630000,0.0625,0.0023716518,0.06181112,0.07172955,0.05169797,2.9068558e-05,1003.4115,0.009889359,0.0,0.76769984,0.76769984,0.1,1.0,0.0015747007,0.24053255,1058.8381,,,,,,,
8.516862e-06,0.0,,,,,,,54.702095,2055.6711,961.79205,513.9881,43.31218,-19.14828,970.8471,,,,,,54.759514,0.011672953605651855,6651.252739191055,635000,0.04296875,0.0015345983,0.04704921,0.057420447,0.016832232,8.516862e-06,970.2407,0.010362721,0.0,1.6827596,1.6827596,0.1,1.0,0.0030569523,0.19074544,940.3861,,,,,,,
1.7001177e-05,0.0,,,,,,,29.278807,2067.5156,999.78613,530.7686,8.811433,-28.689892,801.4512,,,,,,29.793365,0.011647180271148682,6709.4886474609375,640000,0.07421875,0.0026506698,0.49825215,0.5145584,0.019011736,1.7001177e-05,1003.91437,0.016289236,0.0,0.8644906,0.8644906,0.1,1.0,0.0017472098,0.18847638,973.7855,,,,,,,
1.7363596e-05,0.0,,,,,,,903.9905,2066.0576,968.475,446.92163,2392.5002,-2298.9866,58479.055,,,,,,904.09564,0.011631190919876098,6767.64461016655,645000,0.0859375,0.0032087055,0.09579981,0.10515165,0.021469474,1.7363596e-05,975.9149,0.009334475,0.0,1.4188969,1.4188969,0.1,1.0,0.0029437523,0.2557996,1054.4493,,,,,,,
8.349091e-06,0.0,,,,,,,31.01611,2066.6606,949.3473,577.39514,25.012829,-12.00668,795.77167,,,,,,31.108389,0.011499533939361572,6825.142286062241,650000,0.03515625,0.0013950893,0.075879134,0.092279494,0.01721251,8.349091e-06,953.9584,0.016392007,0.0,1.0243349,1.0243349,0.1,1.0,0.0023036469,0.27855578,951.7689,,,,,,,
2.2349199e-05,0.0,,,,,,,50.48436,2070.8313,925.38464,501.01065,13.043466,-21.932545,1168.2465,,,,,,50.537308,0.011159251546859742,6880.938549995422,655000,0.05859375,0.002232143,0.041929886,0.05294926,0.055331707,2.2349199e-05,930.5176,0.010997025,0.0,1.2258775,1.2258775,0.1,1.0,0.00199171,0.18688482,962.18,,,,,,,
1.5204989e-05,0.0,,,,,,,29.620834,2075.3616,964.9787,518.3242,49.641056,-42.373817,1034.7913,,,,,,29.706026,0.01136176872253418,6937.747400522232,660000,0.09765625,0.0034877234,0.06711509,0.08519211,0.015960932,1.5204989e-05,969.3764,0.01806181,0.0,0.8661212,0.8661212,0.1,1.0,0.0030995486,0.19420877,1037.2897,,,,,,,
5.9338554e-06,0.0,,,,,,,141.35172,2077.5552,982.1107,486.73285,94.91157,-92.7401,4234.076,,,,,,141.50417,0.011846739864349365,6996.981106519699,665000,0.02734375,0.0009765625,0.055880796,0.15245412,0.020262003,5.9338554e-06,993.0736,0.0965674,0.0,2.7790942,2.7790942,0.1,1.0,0.0029151887,0.18554778,989.41895,,,,,,,
3.3079832e-05,0.0,,,,,,,125.18767,2086.1895,1070.889,534.2903,46.68007,-91.825066,2623.1902,,,,,,125.268616,0.01122527823448181,7053.107502937317,670000,0.0546875,0.0029296877,0.059855323,0.080950975,0.043946505,3.3079832e-05,1088.4109,0.02106257,0.0,1.8743343,1.8743343,0.1,1.0,0.0037317015,0.21372813,1104.5344,,,,,,,
4.3356642e-05,0.0,,,,,,,102.88336,2092.3896,1140.6818,336.96097,222.46587,-111.71182,4222.1074,,,,,,102.9664,0.011658641576766968,7111.400715112686,675000,0.07421875,0.0029296877,0.06466849,0.0830379,0.043589592,4.3356642e-05,1148.1625,0.018326052,0.0,1.3069335,1.3069335,0.1,1.0,0.0017013866,0.21904203,1190.5443,,,,,,,
2.5596886e-05,0.0,,,,,,,39.157955,2094.9304,1044.4596,423.02542,37.05785,-25.017326,1170.7906,,,,,,39.237484,0.011405147790908813,7168.426461696625,680000,0.0234375,0.00083705364,0.06728614,0.07952852,0.056571245,2.5596886e-05,1049.465,0.012216775,0.0,1.0385345,1.0385345,0.1,1.0,0.0019095223,0.24564381,1083.3811,,,,,,,
2.3956994e-05,0.0,,,,,,,56.784775,2106.0383,1295.1266,369.02588,33.603966,-115.19484,2090.2888,,,,,,56.83802,0.011426610374450684,7225.55952000618,685000,0.05078125,0.002232143,0.041795895,0.053245604,0.0822835,2.3956994e-05,1302.111,0.011425753,0.0,1.2483377,1.2483377,0.1,1.0,0.002934644,0.18630034,1301.2229,,,,,,,
2.8492585e-05,0.0,,,,,,,89.15968,2109.3633,1213.3201,469.4031,48.359974,-171.88614,2930.4736,,,,,,89.28414,0.01292179913520813,7290.168523073196,690000,0.05859375,0.002092634,0.04471491,0.124459565,0.03398657,2.8492585e-05,1226.2051,0.07971616,0.0,1.6730802,1.6730802,0.1,1.0,0.0023317768,0.19231874,1250.1504,,,,,,,
1.05463305e-05,0.0,,,,,,,43.662304,2111.924,1155.3411,445.38574,117.917274,-107.69725,3113.7979,,,,,,43.726593,0.011908256101608276,7349.709810256958,695000,0.0390625,0.0013950893,0.047104552,0.064290844,0.01865995,1.05463305e-05,1160.3914,0.017175741,0.0,1.1583754,1.1583754,0.1,1.0,0.0020025633,0.22565255,1085.3257,,,,,,,
1.8841421e-05,0.0,,,,,,,25.308321,2103.7683,1122.8945,452.19598,13.169492,-28.812365,753.2616,,,,,,25.351095,0.012511174392700195,7412.265690088272,700000,0.0703125,0.0027901786,0.0333987,0.042773988,0.049741983,1.8841421e-05,1127.8673,0.009356447,0.0,0.9641779,0.9641779,0.1,1.0,0.0015864116,0.19420342,1076.1365,,,,,,,
6.3417916e-05,0.0,,,,,,,71.951004,2112.549,1138.2678,507.46002,40.70389,-70.11059,2318.8262,,,,,,72.02059,0.017469095754623413,7499.611176252365,705000,0.0625,0.0026506698,0.04739622,0.06958516,0.33991563,6.3417916e-05,1145.137,0.022125522,0.0,1.456954,1.456954,0.1,1.0,0.0015186422,0.21564476,1128.5652,,,,,,,
3.7992457e-05,0.0,,,,,,,177.43933,2122.299,1118.2689,472.14346,56.151512,-66.76372,3877.5696,,,,,,177.54176,0.013170665454864502,7565.464510440826,710000,0.07421875,0.0034877234,0.04054582,0.1024319,0.04647267,3.7992457e-05,1132.7178,0.061848093,0.0,3.3341682,3.3341682,0.1,1.0,0.003288519,0.17781645,1170.7965,,,,,,,
1.9687828e-05,0.0,,,,,,,30.460476,2134.3003,1180.4252,454.41595,116.30716,-54.01975,1500.3474,,,,,,30.524406,0.013114171695709229,7631.0353763103485,715000,0.03515625,0.0012555805,0.055821303,0.06393025,0.044492245,1.9687828e-05,1183.4762,0.008089265,0.0,0.78551275,0.78551275,0.1,1.0,0.0014933713,0.19492206,1212.3586,,,,,,,
2.5275314e-05,0.0,,,,,,,98.091446,2133.8245,1107.08,433.68512,56.912395,-124.33963,2729.27,,,,,,98.14106,0.013030320024490356,7696.186984300613,720000,0.07421875,0.0029296877,0.030264396,0.049612563,0.034654737,2.5275314e-05,1118.5376,0.019322893,0.0,2.1125283,2.1125283,0.1,1.0,0.0026318876,0.20902474,1122.6663,,,,,,,
7.592566e-05,0.0,,,,,,,37.94085,2138.5002,1092.736,470.3162,61.20729,-52.742355,1799.8632,,,,,,38.002857,0.013205553579330445,7762.21475982666,725000,0.15234375,0.007952009,0.05297442,0.062009808,0.09690893,7.592566e-05,1097.7998,0.008959462,0.0,1.2266537,1.2266537,0.1,1.0,0.0014592805,0.27177116,1110.9521,,,,,,,
1.257826e-05,0.0,,,,,,,249.3508,2137.0603,1164.3843,379.5398,399.3669,-415.966,17700.479,,,,,,249.45467,0.013090709543228149,7827.668315172195,730000,0.0625,0.0023716518,0.077004194,0.10387088,0.024414659,1.257826e-05,1175.705,0.026854109,0.0,2.0889423,2.0889423,0.1,1.0,0.0030507264,0.2063651,1175.6624,,,,,,,
5.9670174e-06,0.0,,,,,,,30.811357,2134.985,1106.0715,428.5698,26.37441,-61.398094,1273.8445,,,,,,30.868214,0.013186865091323852,7893.602647304535,735000,0.03515625,0.0012555805,0.049290158,0.056855932,0.017293692,5.9670174e-06,1110.5404,0.0075598075,0.0,0.84968615,0.84968615,0.1,1.0,0.0014550933,0.247629,1117.591,,,,,,,
3.297762e-05,0.0,,,,,,,35.30977,2130.501,1096.711,398.17398,27.783571,-43.25768,1124.6381,,,,,,35.386864,0.01314983115196228,7959.351810455322,740000,0.078125,0.0034877234,0.06841967,0.0770968,0.030878663,3.297762e-05,1101.4252,0.00864415,0.0,1.0296144,1.0296144,0.1,1.0,0.0018841701,0.23883015,1188.3993,,,,,,,
2.4132996e-05,0.0,,,,,,,40.2008,2136.6448,1095.0027,468.20062,46.194443,-118.39934,2079.7207,,,,,,40.286873,0.013064671993255615,8024.675177335739,745000,0.046875,0.0018136161,0.07640842,0.086070724,0.087536335,2.4132996e-05,1099.6185,0.009638165,0.0,0.90564483,0.90564483,0.1,1.0,0.0016452062,0.21351857,1028.9716,,,,,,,
3.345213e-05,0.0,,,,,,,40.425888,2132.948,982.0399,345.99933,21.47184,-37.539852,1258.804,,,,,,40.50025,0.01308407325744629,8090.0955510139465,750000,0.0625,0.0023716518,0.0630537,0.07436306,0.053009152,3.345213e-05,990.36633,0.011275907,0.0,1.3432164,1.3432164,0.1,1.0,0.0016836133,0.23683858,1003.9409,,,,,,,
2.8119757e-05,0.0,,,,,,,38.741554,2144.9841,1130.9384,367.632,187.60042,-71.07009,2056.6274,,,,,,38.92868,0.013023788785934447,8155.21450138092,755000,0.08203125,0.0029296877,0.06198907,0.18712549,0.060973525,2.8119757e-05,1136.6099,0.1251083,0.0,1.2413809,1.2413809,0.1,1.0,0.003703362,0.21579847,1008.41846,,,,,,,
1.1317765e-05,0.0,,,,,,,27.56591,2149.363,1042.988,387.52725,60.341885,-30.196571,1144.8457,,,,,,27.621292,0.013052261304855347,8220.475815296173,760000,0.05078125,0.0018136161,0.04908907,0.055382125,0.025207281,1.1317765e-05,1046.3037,0.006281738,0.0,1.0632491,1.0632491,0.1,1.0,0.0018471216,0.22354974,1052.0602,,,,,,,
2.4902918e-05,0.0,,,,,,,48.53238,2122.9692,993.0246,385.79483,116.091606,-50.718357,1691.7985,,,,,,48.59354,0.01299854645729065,8285.46855545044,765000,0.07421875,0.0029296877,0.043992247,0.061162367,0.039642334,2.4902918e-05,996.0091,0.017145216,0.0,1.0036019,1.0036019,0.1,1.0,0.002396265,0.22985916,994.8511,,,,,,,
3.4212935e-05,0.0,,,,,,,423.38693,2151.6794,1097.4897,349.61856,516.6646,-438.70523,23136.34,,,,,,423.61874,0.01298380904197693,8350.387611627579,770000,0.05859375,0.0023716518,0.06961232,0.23180863,0.06724119,3.4212935e-05,1116.939,0.16216211,0.0,2.3375645,2.3375645,0.1,1.0,0.0037769722,0.22736767,1086.0996,,,,,,,
1.9647e-05,0.0,,,,,,,88.24016,2174.4429,1079.6538,349.00354,133.82225,-133.2532,5726.21,,,,,,88.32863,0.012901687383651734,8414.896056175232,775000,0.07421875,0.0032087055,0.06436593,0.088470824,0.05588329,1.9647e-05,1090.2825,0.02408525,0.0,1.1873963,1.1873963,0.1,1.0,0.002594693,0.19963835,1195.5729,,,,,,,
4.898075e-06,0.0,,,,,,,151.47151,2181.042,1177.572,352.16873,69.75132,-173.14175,3198.9912,,,,,,151.55154,0.013026303768157959,8480.02758359909,780000,0.02734375,0.0009765625,0.06289944,0.0800268,0.012215972,4.898075e-06,1189.9926,0.01712246,0.0,1.9184614,1.9184614,0.1,1.0,0.0039150566,0.20742913,1286.0583,,,,,,,
1.8724757e-05,0.0,,,,,,,483.2329,2187.6787,1196.7261,338.75714,2945.9197,-3524.4514,38564.473,,,,,,483.34494,0.013084728240966797,8545.4512321949,785000,0.05859375,0.002092634,0.09778245,0.112035945,0.021157146,1.8724757e-05,1201.6816,0.014234771,0.0,1.0713203,1.0713203,0.1,1.0,0.0024705743,0.22431451,1147.1355,,,,,,,
2.3153878e-05,0.0,,,,,,,38.787678,2178.9907,1085.5098,296.08987,54.898205,-89.27238,1182.4844,,,,,,38.857193,0.01283021731376648,8609.60232591629,790000,0.109375,0.004603795,0.06162123,0.06951396,0.041238308,2.3153878e-05,1090.99,0.007869571,0.0,0.96371096,0.96371096,0.1,1.0,0.0015120651,0.22127242,1152.8164,,,,,,,
1.983298e-05,0.0,,,,,,,36.912483,2174.3792,1080.8289,372.97574,41.45964,-61.57662,1379.8313,,,,,,37.083607,0.012825275707244873,8673.728711128235,795000,0.0625,0.0023716518,0.055172533,0.17112263,0.032682538,1.983298e-05,1084.0598,0.11593027,0.0,1.2172524,1.2172524,0.1,1.0,0.0018015092,0.20379917,1139.0957,,,,,,,
2.8960258e-05,0.0,,,,,,,247.68427,2163.617,1044.4656,311.1036,243.83636,-228.48611,8092.831,,,,,,247.8092,0.012844508218765259,8737.9512591362,800000,0.109375,0.004185268,0.06790295,0.124933206,0.04419732,2.8960258e-05,1056.1731,0.057001293,0.0,2.5326202,2.5326202,0.1,1.0,0.0032719208,0.23179722,1006.56824,,,,,,,
5.9837745e-05,0.0,,,,,,,56.25406,2174.5486,1019.6826,264.8873,57.127853,-86.98551,2019.4259,,,,,,57.323093,0.017948340320587158,8827.692969322205,805000,0.05078125,0.0018136161,0.05264179,1.0690333,0.36803222,5.9837745e-05,1025.0945,1.0163317,0.0,1.989569,1.989569,0.1,1.0,0.0052301865,0.22072193,1000.7226,,,,,,,
2.4470984e-05,0.0,,,,,,,62.088116,2172.476,1002.1381,269.27844,89.17536,-58.84588,2497.9517,,,,,,63.729362,0.013148035717010498,8893.433154344559,810000,0.05859375,0.0027901786,1.6277871,1.6412458,0.049688578,2.4470984e-05,1006.4988,0.013434281,0.0,1.1102285,1.1102285,0.1,1.0,0.0017828068,0.22373678,1065.994,,,,,,,
7.0613546e-06,0.0,,,,,,,67.71463,2162.0935,1021.2267,198.82872,137.70229,-157.23956,3180.0835,,,,,,67.80918,0.013048061084747315,8958.673467159271,815000,0.02734375,0.0009765625,0.07656195,0.09455188,0.028807402,7.0613546e-06,1026.8043,0.01798287,0.0,1.9560368,1.9560368,0.1,1.0,0.003262279,0.18440422,1158.5159,,,,,,,
2.351726e-05,0.0,,,,,,,230.51814,2166.5625,1042.7974,217.07347,300.37,-172.25795,6869.329,,,,,,230.59328,0.01367761640548706,9027.061559438705,820000,0.046875,0.0018136161,0.06367129,0.07514057,0.08168638,2.351726e-05,1051.8998,0.011445767,0.0,1.4900299,1.4900299,0.1,1.0,0.0015679925,0.24949452,1087.4413,,,,,,,
1.3908904e-05,0.0,,,,,,,29.853153,2167.7588,1026.3486,170.18172,101.07512,-42.411087,1115.7756,,,,,,29.915396,0.013446663236618042,9094.294889450073,825000,0.0703125,0.0026506698,0.054233775,0.062243372,0.018960595,1.3908904e-05,1028.147,0.007995687,0.0,0.7354788,0.7354788,0.1,1.0,0.0012453368,0.24293047,997.4087,,,,,,,
2.6542097e-05,0.0,,,,,,,261.62967,2168.1636,1034.6926,163.91696,111.447044,-181.51318,4635.612,,,,,,261.79636,0.012524102544784546,9156.915408372879,830000,0.1015625,0.0040457593,0.13356243,0.16669504,0.027883053,2.6542097e-05,1048.7227,0.03310607,0.0,2.2339659,2.2339659,0.1,1.0,0.0043842257,0.21461064,1157.676,,,,,,,
2.9857321e-05,0.0,,,,,,,26.784092,2179.1282,1020.89905,156.11261,67.81,-173.67636,1399.4175,,,,,,26.859987,0.012350910139083862,9218.669966220856,835000,0.05859375,0.0030691966,0.06561023,0.07589549,0.0959214,2.9857321e-05,1024.3295,0.010255407,0.0,0.7405756,0.7405756,0.1,1.0,0.0009973033,0.19244386,1036.2468,,,,,,,
3.1021376e-05,0.0,,,,,,,27.792925,2168.6196,904.2347,193.17934,72.0156,-26.367327,1208.2833,,,,,,27.838095,0.01211125020980835,9279.226224422455,840000,0.0703125,0.002511161,0.041002177,0.045169175,0.07506204,3.1021376e-05,908.4485,0.0041359784,0.0,0.6561941,0.6561941,0.1,1.0,0.0014412394,0.25180194,944.7115,,,,,,,
9.2447735e-06,0.0,,,,,,,175.03035,2158.827,956.2622,123.16455,120.33819,-134.38106,4057.766,,,,,,175.09177,0.012554977226257324,9342.001117229462,845000,0.04296875,0.0015345983,0.044634398,0.061415464,0.016745925,9.2447735e-06,963.7893,0.016771818,0.0,2.5308995,2.5308995,0.1,1.0,0.0034829187,0.20083377,911.84644,,,,,,,
1.8541386e-05,0.0,,,,,,,110.164085,2174.0703,1013.2936,146.22612,132.39937,-152.7844,4850.895,,,,,,110.2098,0.012376362037658692,9403.882934808731,850000,0.04296875,0.0016741073,0.030009795,0.04571881,0.04567969,1.8541386e-05,1021.18774,0.015690476,0.0,1.3402042,1.3402042,0.1,1.0,0.0020559656,0.26163667,1102.2683,,,,,,,
2.2900525e-05,0.0,,,,,,,27.391857,2176.898,1030.222,139.4339,193.31387,-185.15057,1493.4968,,,,,,27.456741,0.012276789665222169,9465.266889810562,855000,0.09765625,0.0034877234,0.05680964,0.06488489,0.036450863,2.2900525e-05,1033.2319,0.008052351,0.0,0.8768506,0.8768506,0.1,1.0,0.0012265126,0.2236519,1018.82043,,,,,,,
1.3177849e-05,0.0,,,,,,,90.638214,2169.2542,935.3226,175.50462,122.5941,-119.252205,3874.1323,,,,,,90.836945,0.012156266498565674,9526.048228502274,860000,0.05859375,0.0023716518,0.17337655,0.19873194,0.026362896,1.3177849e-05,942.34863,0.025342222,0.0,1.0861099,1.0861099,0.1,1.0,0.002813397,0.2563841,953.0895,,,,,,,
1.4442901e-05,0.0,,,,,,,27.123283,2161.9182,901.1062,192.54533,65.28814,-37.97954,853.83276,,,,,,27.191225,0.012241936206817627,9587.257915973663,865000,0.0625,0.0026506698,0.051060762,0.06794216,0.016418457,1.4442901e-05,905.0687,0.016866954,0.0,0.9919226,0.9919226,0.1,1.0,0.0012433088,0.23381402,997.52576,,,,,,,
1.1381993e-05,0.0,,,,,,,108.9818,2163.2183,956.81537,145.4913,63.64178,-53.04007,2995.3916,,,,,,109.04319,0.012310124588012695,9648.808545589447,870000,0.05078125,0.0018136161,0.033897273,0.061392855,0.021907687,1.1381993e-05,964.3845,0.027484203,0.0,2.0689044,2.0689044,0.1,1.0,0.0027690786,0.17064147,1049.2937,,,,,,,
2.404309e-05,0.0,,,,,,,56.324753,2171.553,939.28625,152.46309,28.064037,-27.093105,1384.6094,,,,,,56.3874,0.012212152528762817,9709.869315385818,875000,0.0703125,0.0027901786,0.04381074,0.062649645,0.035340905,2.404309e-05,943.5719,0.018814862,0.0,1.3661335,1.3661335,0.1,1.0,0.0019624955,0.17464994,948.43726,,,,,,,
2.5119301e-05,0.0,,,,,,,283.58685,2167.5393,899.21375,143.27687,567.7789,-674.881,20343.99,,,,,,283.6816,0.012117379999160767,9770.456222057343,880000,0.04296875,0.0015345983,0.07015574,0.09475975,0.09919226,2.5119301e-05,903.3265,0.024578892,0.0,0.6460166,0.6460166,0.1,1.0,0.0018201445,0.17647067,822.23596,,,,,,,
3.9855884e-05,0.0,,,,,,,20.140877,2156.2227,810.3381,206.82317,20.961285,-26.253815,588.96106,,,,,,20.192812,0.012572239303588867,9833.317425966263,885000,0.07421875,0.0029296877,0.043896057,0.051934995,0.1806922,3.9855884e-05,812.4257,0.00799908,0.0,0.67952144,0.67952144,0.1,1.0,0.00135109,0.19818859,853.3507,,,,,,,
2.4850464e-05,0.0,,,,,,,92.26759,2165.1663,935.8546,136.72081,66.61891,-39.024326,1832.9968,,,,,,92.34934,0.012679039001464843,9896.712627649307,890000,0.05859375,0.002092634,0.05822027,0.08175172,0.066369176,2.4850464e-05,941.49084,0.0235066,0.0,1.3566717,1.3566717,0.1,1.0,0.0028004153,0.19664724,972.99536,,,,,,,
2.678296e-05,0.0,,,,,,,23.87647,2173.3667,874.67334,217.66345,98.751816,-82.22404,2787.594,,,,,,23.925274,0.012737113952636719,9960.398203849792,895000,0.11328125,0.0051618307,0.038291942,0.048802454,0.023869514,2.678296e-05,876.1809,0.010483729,0.0,0.67904156,0.67904156,0.1,1.0,0.0011355355,0.18236634,902.1916,,,,,,,
5.3581484e-06,0.0,,,,,,,67.63221,2147.3533,780.8714,134.27568,80.83685,-52.595818,1538.6522,,,,,,67.69126,0.012736800861358642,10024.082214832306,900000,0.02734375,0.0013950893,0.05378324,0.05905242,0.020464182,5.3581484e-06,782.476,0.0052638208,0.0,0.45640808,0.45640808,0.1,1.0,0.0014780934,0.2080107,752.4492,,,,,,,
7.3264323e-06,0.0,,,,,,,30.780352,2158.6367,705.9432,139.74791,80.07904,-78.66223,1090.3328,,,,,,30.864147,0.017644434928894042,10112.304396629333,905000,0.04296875,0.0015345983,0.07297763,0.08379622,0.02612102,7.3264323e-06,709.4519,0.010811264,0.0,1.0010014,1.0010014,0.1,1.0,0.0033695467,0.21949875,676.0757,,,,,,,
3.1798398e-05,0.0,,,,,,,554.8682,2157.9062,1017.18945,132.76257,583.8695,-634.71515,15047.041,,,,,,556.17896,0.013170965147018432,10178.159228801727,910000,0.08984375,0.0036272323,0.20780748,1.3107022,0.02853036,3.1798398e-05,1030.9121,1.1028628,0.0,4.319852,4.319852,0.1,1.0,0.006746888,0.23109396,1003.3502,,,,,,,
2.6925834e-05,0.0,,,,,,,62.66784,2201.7988,965.8568,110.805374,201.49796,-116.54793,4709.1914,,,,,,62.75097,0.013176392984390259,10244.041201114655,915000,0.0703125,0.0030691966,0.050834145,0.08313021,0.03649056,2.6925834e-05,970.6766,0.032269135,0.0,0.820332,0.820332,0.1,1.0,0.001315773,0.21235606,1028.0103,,,,,,,
1.4019382e-05,0.0,,,,,,,408.30463,2214.6836,894.47363,206.10884,1947.027,-1311.9751,54578.64,,,,,,408.44183,0.01309033179283142,10309.492867946625,920000,0.05859375,0.002092634,0.052447893,0.13721187,0.04267764,1.4019382e-05,900.4208,0.08474996,0.0,1.368704,1.368704,0.1,1.0,0.0025565433,0.20587355,811.768,,,,,,,
1.2705785e-05,0.0,,,,,,,78.29848,2214.1177,815.10547,176.70128,319.5365,-76.1871,3281.2136,,,,,,78.34704,0.013087918233871459,10374.932469129562,925000,0.03515625,0.0015345983,0.034966152,0.04856232,0.023613334,1.2705785e-05,822.9598,0.013583463,0.0,1.579282,1.579282,0.1,1.0,0.0027885311,0.16711852,867.1467,,,,,,,
1.0957543e-05,0.0,,,,,,,129.66612,2223.8533,1039.4547,204.47134,68.602684,-277.04398,3705.1558,,,,,,129.70949,0.013241869258880615,10441.141826868057,930000,0.08203125,0.0030691966,0.030658659,0.043371063,0.01782012,1.0957543e-05,1051.1324,0.012701448,0.0,1.5517789,1.5517789,0.1,1.0,0.0028874483,0.14939222,1042.6189,,,,,,,
3.4807683e-05,0.0,,,,,,,73.1372,2216.029,1113.3291,279.0238,66.48349,-287.52884,2799.2822,,,,,,73.23196,0.012736378526687622,10504.82372713089,935000,0.109375,0.004185268,0.06189258,0.09475843,0.077269554,3.4807683e-05,1119.3396,0.03283104,0.0,2.048912,2.048912,0.1,1.0,0.0032635704,0.21580172,1128.7136,,,,,,,
2.3087256e-05,0.0,,,,,,,61.085587,2159.2175,1072.184,288.19962,107.77195,-43.15251,1842.7434,,,,,,61.144405,0.012833747243881225,10568.992470502853,940000,0.05078125,0.0018136161,0.04509064,0.058816977,0.05195737,2.3087256e-05,1082.4907,0.013703249,0.0,1.3263776,1.3263776,0.1,1.0,0.0019064173,0.20482285,1077.2811,,,,,,,
1.5910167e-05,0.0,,,,,,,70.07355,2183.4246,1094.697,246.38898,106.89312,-248.9028,2931.3704,,,,,,70.13649,0.012952383661270142,10633.754395961761,945000,0.08203125,0.0032087055,0.048162088,0.06294554,0.015837193,1.5910167e-05,1101.0728,0.014767541,0.0,2.1059191,2.1059191,0.1,1.0,0.0018723485,0.23115017,1130.9819,,,,,,,
1.740627e-05,0.0,,,,,,,130.73938,2151.2405,1038.7705,201.92636,90.2159,-108.14688,2897.9087,,,,,,130.81805,0.012784307098388672,10697.675937652588,950000,0.078125,0.0029296877,0.055780727,0.07867015,0.032061577,1.740627e-05,1047.9854,0.02287202,0.0,1.826395,1.826395,0.1,1.0,0.0021759733,0.1952885,958.14856,,,,,,,
1.6291178e-05,0.0,,,,,,,39.358086,2168.1416,959.18744,143.2928,57.970802,-76.34453,1334.7551,,,,,,39.418343,0.012304162311553955,10759.196760177612,955000,0.05078125,0.002092634,0.048620336,0.06025702,0.05096817,1.6291178e-05,961.9237,0.011620397,0.0,0.8463821,0.8463821,0.1,1.0,0.0016176392,0.19898587,977.4092,,,,,,,
1.1305258e-05,0.0,,,,,,,63.989017,2159.311,953.0034,215.03,47.859062,-63.898483,1282.864,,,,,,64.071846,0.012316439628601074,10820.778969049454,960000,0.046875,0.0023716518,0.05500008,0.08282588,0.021277547,1.1305258e-05,960.59656,0.027814496,0.0,5.0336785,5.0336785,0.1,1.0,0.0049483394,0.14134845,996.9469,,,,,,,
1.3765048e-05,0.0,,,,,,,164.47539,2123.369,903.3229,145.42972,153.87363,-64.38855,3215.8618,,,,,,164.56436,0.012149061870574952,10881.524285316467,965000,0.03515625,0.0013950893,0.073031,0.08896746,0.02970457,1.3765048e-05,907.0343,0.015922692,0.0,0.879814,0.879814,0.1,1.0,0.001548138,0.21198006,1047.7739,,,,,,,
7.041943e-05,0.0,,,,,,,91.80596,2116.1216,918.46857,168.8383,72.316574,-56.604004,2637.7527,,,,,,94.06603,0.01209221577644348,10941.985370874405,970000,0.13671875,0.006138393,2.2454698,2.2600703,0.18512273,7.041943e-05,928.00366,0.014530097,0.0,2.0306911,2.0306911,0.1,1.0,0.0046649734,0.21985586,917.88794,,,,,,,
1.4604486e-05,0.0,,,,,,,192.96289,2148.627,980.5432,140.68877,68.927574,-121.58782,3533.3308,,,,,,193.08356,0.012291951560974122,11003.445135593414,975000,0.0390625,0.0016741073,0.073921464,0.120660916,0.03135705,1.4604486e-05,990.4813,0.04672485,0.0,3.2677667,3.2677667,0.1,1.0,0.0044428254,0.17839226,1016.3028,,,,,,,
1.4962829e-05,0.0,,,,,,,85.92888,2087.5813,971.4988,184.71779,115.267975,-145.3964,2536.0479,,,,,,86.28674,0.012517987585067749,11066.035081148148,980000,0.0546875,0.001953125,0.29388636,0.35786438,0.026466489,1.4962829e-05,979.9403,0.063963056,0.0,6.2142653,6.2142653,0.1,1.0,0.0058487295,0.19446424,1023.86774,,,,,,,
1.7845621e-05,0.0,,,,,,,40.06418,2147.5874,969.5625,233.14742,89.037605,-50.800873,2495.1895,,,,,,40.60533,0.012513272905349732,11128.601452827454,985000,0.09375,0.0036272323,0.05053579,0.54115283,0.024712682,1.7845621e-05,973.25165,0.49059924,0.0,1.3584471,1.3584471,0.1,1.0,0.0025893545,0.19432858,925.56323,,,,,,,
7.402285e-06,0.0,,,,,,,14.326327,2125.3608,854.68677,167.92813,25.583035,-19.48517,756.06165,,,,,,14.423118,0.012360520935058593,11190.404064178467,990000,0.0546875,0.001953125,0.071609825,0.09679036,0.007780671,7.402285e-06,861.40656,0.025173126,0.0,4.9008074,4.9008074,0.1,1.0,0.0027801383,0.12083237,766.0573,,,,,,,
1.9907055e-05,0.0,,,,,,,135.10344,2102.0178,893.18176,226.55043,312.6548,-371.1048,8998.688,,,,,,135.15335,0.012136541938781739,11251.086780786514,995000,0.0703125,0.0033482146,0.039005715,0.04990835,0.04352212,1.9907055e-05,898.5221,0.010882727,0.0,1.3766527,1.3766527,0.1,1.0,0.0024038823,0.2514449,847.1478,,,,,,,
1.9527972e-05,0.0,,,,,,,345.9871,2097.3381,1006.5396,239.2589,302.07965,-419.04514,13527.756,,,,,,348.1496,0.012090535402297974,11311.539464473724,1000000,0.0390625,0.0016741073,0.03696981,2.1624942,0.044298887,1.9527972e-05,1030.9592,2.1255047,0.0,3.2338448,3.2338448,0.1,1.0,0.00481348,0.19019046,943.14435,,,,,,,
1.8356219e-05,0.0,,,,,,,142.08969,2118.5886,1024.0851,142.28053,278.57074,-339.8875,7370.5967,,,,,,142.16489,0.020573342800140382,11414.406183719635,1005000,0.07421875,0.0032087055,0.06556967,0.07520276,0.02589953,1.8356219e-05,1033.0486,0.009614734,0.0,1.1230042,1.1230042,0.1,1.0,0.0028218722,0.21619415,1031.2802,0.0,5000.0,-0.2955908559749483,-54.83446396672895,200.0,2.7311832904815674,0.05714409581621482
2.092296e-05,0.0,,,,,,,62.504635,2122.2007,1049.8413,206.9896,160.17274,-204.13104,2900.772,,,,,,62.57332,0.015564165544509888,11492.227018356323,1010000,0.0390625,0.0016741073,0.057427272,0.06868453,0.046300054,2.092296e-05,1053.3572,0.011236336,0.0,0.8439084,0.8439084,0.1,1.0,0.0015840402,0.18587558,1152.8474,0.0,10000.0,-0.2621781001813375,-54.004183795461024,200.0,3.014240264892578,0.08541297394772347
8.183499e-06,0.0,,,,,,,135.28662,2117.0076,935.6432,159.11655,283.49066,-136.65657,6558.749,,,,,,135.35297,0.014991038227081298,11567.182215690613,1015000,0.04296875,0.0016741073,0.049223825,0.06635198,0.015789747,8.183499e-06,938.31335,0.017119972,0.0,0.8507119,0.8507119,0.1,1.0,0.0019292138,0.22999728,1010.52747,0.0,15000.0,-0.28848765346576477,-56.19047471682484,200.0,2.9050793647766113,0.01097546025680103
8.3890545e-06,0.0,,,,,,,15.221192,2110.563,820.1771,165.4422,30.606617,-29.509687,657.2777,,,,,,15.411671,0.01504053144454956,11642.384880065918,1020000,0.01953125,0.00083705364,0.045100935,0.19047822,0.019746542,8.3890545e-06,822.62463,0.1453689,0.0,3.3187096,3.3187096,0.1,1.0,0.0026282077,0.24175325,876.1731,0.0,20000.0,-0.2893474969343716,-58.28235739001863,200.0,2.8513119220733643,-0.06024769838328124
1.42565705e-05,0.0,,,,,,,13.487313,2106.6194,698.1707,143.85568,117.33661,-86.39444,866.0144,,,,,,13.538169,0.015180138158798219,11718.28557729721,1025000,0.0625,0.0023716518,0.045073036,0.05085587,0.019111276,1.42565705e-05,699.9817,0.0057685794,0.0,0.59295094,0.59295094,0.1,1.0,0.0017721639,0.2453347,691.9179,0.0,25000.0,-0.2846693755335104,-59.48656413062667,200.0,2.905282974243164,-0.1012478026533915
1.1707473e-05,0.0,,,,,,,148.71866,2109.2083,869.24255,188.2399,154.8922,-88.78906,3796.5605,,,,,,148.789,0.015029039096832276,11793.43077993393,1030000,0.0546875,0.001953125,0.045712795,0.07033768,0.021901488,1.1707473e-05,873.02246,0.024613181,0.0,1.6827072,1.6827072,0.1,1.0,0.0022228048,0.18043166,904.5016,0.0,30000.0,-0.2990800805897926,-57.11449380233994,200.0,2.8625082969665527,-0.020484983848139106
1.5308866e-05,0.0,,,,,,,9.055006,2111.042,806.1981,144.10306,43.677204,-110.05557,1279.6749,,,,,,9.100227,0.015302685642242431,11869.944214105606,1035000,0.046875,0.0016741073,0.036024094,0.045220908,0.029680848,1.5308866e-05,806.8661,0.009181509,0.0,0.4358498,0.4358498,0.1,1.0,0.0013895035,0.17449482,803.95636,0.0,35000.0,-0.27988634337827395,-55.75593666435711,200.0,3.4335849285125732,0.025770349589102667
2.0099838e-05,0.0,,,,,,,16.29303,2086.71,657.28455,147.25246,93.88518,-97.98464,2404.348,,,,,,16.500927,0.015145214080810546,11945.670292854309,1040000,0.06640625,0.0023716518,0.20276967,0.20789772,0.02889812,2.0099838e-05,658.48676,0.0051079523,0.0,0.45308045,0.45308045,0.1,1.0,0.0016364491,0.21845952,679.4466,0.0,40000.0,-0.2565831372324777,-53.59961694698321,200.0,2.912151336669922,0.09918742181657106
1.87052e-05,0.0,,,,,,,135.47244,2089.6677,695.0293,218.49089,104.431625,-59.219887,2542.8384,,,,,,135.54242,0.015361576509475708,12022.47818183899,1045000,0.0546875,0.002511161,0.0465029,0.0699821,0.03300047,1.87052e-05,704.56946,0.023460487,0.0,3.3542259,3.3542259,0.1,1.0,0.004807359,0.21715078,835.3737,0.0,45000.0,-0.26645033797268447,-53.71189676852658,200.0,2.9756782054901123,0.09536458622242464
1.6913733e-05,0.0,,,,,,,31.731564,2090.2954,805.42957,137.24692,102.60082,-63.867085,2245.6658,,,,,,31.786844,0.015490872764587403,12099.932553052902,1050000,0.0625,0.002232143,0.046652846,0.05528044,0.024808764,1.6913733e-05,808.02057,0.008610679,0.0,0.78523785,0.78523785,0.1,1.0,0.0028059022,0.2478378,916.22705,0.0,50000.0,-0.3137845615387606,-55.619980556989795,200.0,2.974997043609619,0.030399301072469707
2.1071424e-05,0.0,,,,,,,18.857658,2074.7976,719.59814,121.0627,59.635143,-82.22153,1160.9146,,,,,,18.963213,0.014983381843566894,12174.849467754364,1055000,0.046875,0.001953125,0.044632114,0.1055554,0.05222106,2.1071424e-05,721.01904,0.06090221,0.0,0.7919103,0.7919103,0.1,1.0,0.0018051204,0.20838414,779.8373,0.0,55000.0,-0.2884387617331018,-59.84371230552613,200.0,2.73673677444458,-0.11340776814516738
2.5094738e-05,0.0,,,,,,,24.61209,2076.5688,658.7443,151.04324,16.031723,-20.183851,622.8161,,,,,,24.663607,0.014690841913223267,12248.303683280945,1060000,0.0625,0.0027901786,0.041508183,0.051518284,0.0434376,2.5094738e-05,661.0564,0.009985006,0.0,0.8539973,0.8539973,0.1,1.0,0.0038164244,0.23141746,704.88074,0.0,60000.0,-0.27300563303337094,-55.13848916914088,200.0,3.3030107021331787,0.04679282922777438
9.423771e-06,0.0,,,,,,,158.97481,2073.0344,730.21344,95.22966,100.97056,-98.150734,3115.3389,,,,,,159.0539,0.014831660223007203,12322.46199131012,1065000,0.0625,0.002232143,0.06876685,0.0790889,0.01651454,9.423771e-06,733.4015,0.010312626,0.0,1.617605,1.617605,0.1,1.0,0.0046657007,0.24408866,783.7443,0.0,65000.0,-0.2894591508913219,-55.64001772236116,200.0,2.894287347793579,0.0297170877599213
2.5693727e-05,0.0,,,,,,,7.7899666,2052.7654,639.1669,100.77276,86.03886,-17.671192,730.7833,,,,,,7.8377943,0.015000662660598754,12397.465310811996,1070000,0.08203125,0.0040457593,0.043489765,0.047827702,0.035932302,2.5693727e-05,640.32465,0.004312245,0.0,0.42516118,0.42516118,0.1,1.0,0.0014535936,0.22824934,674.80334,0.0,70000.0,-0.2864844216449142,-60.6038719213865,200.0,3.371891736984253,-0.13928922392946666
2.331217e-05,0.0,,,,,,,6.4668345,2066.9954,593.2698,159.04323,27.636007,-115.8774,760.7074,,,,,,6.5165343,0.014780355930328368,12471.367096185684,1075000,0.04296875,0.0016741073,0.046035033,0.04969985,0.09925461,2.331217e-05,593.8048,0.0036415039,0.0,0.38782585,0.38782585,0.1,1.0,0.0010541847,0.24759373,644.31885,0.0,75000.0,-0.2519117684825992,-51.612878595374774,200.0,2.874555826187134,0.16683069005823808
1.6903206e-05,0.0,,,,,,,32.464897,2065.1965,554.4885,108.08661,51.00832,-38.664078,1320.7721,,,,,,32.523796,0.015394855976104736,12548.341383218765,1080000,0.05859375,0.0026506698,0.051689133,0.05890055,0.031456113,1.6903206e-05,558.5487,0.007194514,0.0,0.9447625,0.9447625,0.1,1.0,0.0041592866,0.23411807,606.2455,0.0,80000.0,-0.26124501330261674,-52.566871373722954,200.0,2.8392043113708496,0.13434971975121424
3.599863e-05,0.0,,,,,,,48.961227,2075.3396,660.8232,147.22166,105.392105,-38.181267,1534.52,,,,,,49.651382,0.014843228101730346,12622.557530403137,1085000,0.078125,0.0030691966,0.679508,0.6901547,0.17014527,3.599863e-05,662.7636,0.010610694,0.0,1.2345562,1.2345562,0.1,1.0,0.0055122105,0.23178032,601.12415,0.0,85000.0,-0.3221627836578391,-59.42844067926109,200.0,3.304635763168335,-0.09926885046340109
1.997208e-05,0.0,,,,,,,79.36746,2080.542,611.28064,133.24901,41.738224,-57.40699,1962.9539,,,,,,79.613525,0.014885572338104247,12696.985398054123,1090000,0.06640625,0.0026506698,0.22106618,0.24606563,0.026460648,1.997208e-05,615.948,0.024979485,0.0,1.3273184,1.3273184,0.1,1.0,0.0040847925,0.14673555,533.8036,0.0,90000.0,-0.2807566791146402,-54.653946960022104,200.0,2.9608709812164307,0.06329022990426326
1.4333787e-05,0.0,,,,,,,116.55542,2078.8445,765.46295,118.87204,207.90488,-56.16845,2986.8113,,,,,,116.8504,0.01494757046699524,12771.723256587982,1095000,0.07421875,0.0030691966,0.26346126,0.29498357,0.015812159,1.4333787e-05,768.68494,0.03150796,0.0,2.3516948,2.3516948,0.1,1.0,0.0051972726,0.26055607,690.41187,0.0,95000.0,-0.3120652854372121,-58.14918077800443,200.0,2.799391508102417,-0.05571338148005137
3.031816e-05,0.0,,,,,,,551.48334,2075.8582,929.37396,155.38919,302.23062,-239.14177,10382.628,,,,,,551.8054,0.015083600330352782,12847.141264677048,1100000,0.08203125,0.0034877234,0.053197313,0.3220803,0.03990245,3.031816e-05,949.5692,0.26885268,0.0,3.3483288,3.3483288,0.1,1.0,0.005157467,0.25395775,911.05054,0.0,100000.0,-0.2560025501653949,-55.890477986639034,200.0,2.883591890335083,0.02118956785438808
2.6647169e-05,0.0,,,,,,,29.826576,2081.7737,959.5469,183.03073,102.60752,-64.6383,2072.5435,,,,,,29.880537,0.019764963054656984,12945.966087579727,1105000,0.09765625,0.004185268,0.0400758,0.053960778,0.029115915,2.6647169e-05,962.1172,0.0138583295,0.0,0.6961486,0.6961486,0.1,1.0,0.0014942177,0.20021705,955.40393,0.0,105000.0,-0.28476122570037016,-55.980407474444895,200.0,2.890266180038452,0.01812770293314026
3.4040324e-05,0.0,,,,,,,27.328804,2078.7112,810.2495,180.832,64.80328,-178.17114,2037.1033,,,,,,27.386112,0.01561205906867981,13024.026391267776,1110000,0.08203125,0.0032087055,0.04634977,0.057308253,0.060524344,3.4040324e-05,811.77014,0.01092444,0.0,1.0257584,1.0257584,0.1,1.0,0.0035927028,0.21398371,791.2568,0.0,110000.0,-0.26300642581772304,-53.42523697816876,200.0,3.4544506072998047,0.10512460574264755
2.8472978e-05,0.0,,,,,,,75.97229,2072.8445,734.1638,176.92201,315.8913,-309.85715,6826.6626,,,,,,76.03435,0.015713697242736815,13102.594885349274,1115000,0.10546875,0.0037667411,0.049994547,0.06205729,0.03882754,2.8472978e-05,737.249,0.01203427,0.0,1.235645,1.235645,0.1,1.0,0.003037261,0.15565391,736.2302,0.0,115000.0,-0.28222160817401676,-58.35243548446556,200.0,3.5271942615509033,-0.06263367504533172
2.132644e-05,0.0,,,,,,,48.54445,2070.1755,708.6485,233.6747,128.8677,-272.90756,1698.3248,,,,,,48.59832,0.015720963954925535,13181.199713945389,1120000,0.05078125,0.002232143,0.042155508,0.053870898,0.029797077,2.132644e-05,711.7837,0.011694062,0.0,1.2013884,1.2013884,0.1,1.0,0.004691664,0.21103777,678.00555,0.0,120000.0,-0.26557708947809994,-53.51322975831526,200.0,3.0329947471618652,0.10212868067482925
2.4762421e-05,0.0,,,,,,,85.17793,2077.6406,796.7726,204.43141,60.66813,-66.96425,1863.3904,,,,,,85.24412,0.0155729501247406,13259.064474344254,1125000,0.0703125,0.0026506698,0.04993657,0.0661864,0.036645412,2.4762421e-05,801.02985,0.01622506,0.0,1.6629236,1.6629236,0.1,1.0,0.0040291436,0.1876979,874.29065,0.0,125000.0,-0.3189436897761227,-58.924811398745256,200.0,3.4704158306121826,-0.08212158470054416
1.00025545e-05,0.0,,,,,,,20.143562,2070.497,739.63855,174.34927,60.79692,-57.88867,1212.3552,,,,,,20.19933,0.015604778242111206,13337.088373661041,1130000,0.05859375,0.002232143,0.04917585,0.05576696,0.020965338,1.00025545e-05,740.4426,0.0065811067,0.0,0.520362,0.520362,0.1,1.0,0.0014337203,0.24051242,759.8839,0.0,130000.0,-0.2529843983577592,-52.43424356237515,200.0,3.430750846862793,0.13886535142059914
2.0300105e-05,0.0,,,,,,,14.997124,2066.231,655.25507,158.95592,58.89728,-23.908611,749.7085,,,,,,15.056096,0.01565053153038025,13415.341039419174,1135000,0.09375,0.0037667411,0.053032614,0.058972724,0.01827383,2.0300105e-05,656.3981,0.0059198113,0.0,0.53997886,0.53997886,0.1,1.0,0.0015795683,0.21218318,684.81,0.0,135000.0,-0.32208019868884763,-56.592418937263574,200.0,2.989389181137085,-0.0027096939555357118
1.0708946e-05,0.0,,,,,,,106.388626,2070.0244,692.25977,147.04962,296.42462,-126.76187,4491.126,,,,,,106.46995,0.01560221905708313,13493.352142810822,1140000,0.04296875,0.0015345983,0.052247565,0.0813181,0.018082261,1.0708946e-05,696.7997,0.02905983,0.0,2.034799,2.034799,0.1,1.0,0.006428064,0.23896185,672.706,0.0,140000.0,-0.28333169770539235,-56.87424519752476,200.0,3.4413387775421143,-0.012305144360446574
1.7640996e-05,0.0,,,,,,,39.433235,2073.194,699.98474,151.77744,49.46858,-18.89656,954.5464,,,,,,39.498653,0.01551953239440918,13570.949813127518,1145000,0.06640625,0.0023716518,0.05301527,0.06541714,0.033340335,1.7640996e-05,702.46423,0.012384232,0.0,0.8520788,0.8520788,0.1,1.0,0.003115673,0.19014257,563.2637,0.0,145000.0,-0.3002064576669325,-57.31568151709002,200.0,3.4248597621917725,-0.027334901727234646
2.6008996e-05,0.0,,,,,,,44.72413,2070.2476,689.8405,217.34698,190.88959,-41.50787,1550.8398,,,,,,44.79034,0.015394165945053101,13647.9206533432,1150000,0.05078125,0.0018136161,0.047518868,0.06621344,0.06332743,2.6008996e-05,691.9514,0.018668562,0.0,1.1929996,1.1929996,0.1,1.0,0.0036519913,0.20399645,631.7569,0.0,150000.0,-0.23211491597818948,-53.41614794780785,200.0,2.9965810775756836,0.1054340635624264
2.9465451e-05,0.0,,,,,,,224.42953,2080.1892,798.9516,133.31964,263.9906,-137.55936,6538.612,,,,,,224.59119,0.015747593450546264,13726.65862941742,1155000,0.12890625,0.0051618307,0.10749705,0.16165161,0.029975653,2.9465451e-05,805.39404,0.0541251,0.0,2.3675668,2.3675668,0.1,1.0,0.0051910216,0.27196217,812.0987,0.0,155000.0,-0.29502934081174137,-59.122049713116965,200.0,2.9502625465393066,-0.08883703577933288
6.521626e-05,0.0,,,,,,,15.352402,2082.1033,769.82513,123.990166,20.363867,-55.123,748.0266,,,,,,15.427936,0.015504682207107543,13804.182048082352,1160000,0.078125,0.0036272323,0.05522616,0.07553401,0.12321341,6.521626e-05,770.4743,0.020242637,0.0,0.629869,0.629869,0.1,1.0,0.0028374856,0.22115807,816.5081,0.0,160000.0,-0.2648454819274096,-53.21594456684735,200.0,2.990569829940796,0.1122504674387779
5.1526054e-05,0.0,,,,,,,74.09615,2080.2537,695.5283,151.71358,44.699417,-67.58153,1387.2815,,,,,,74.17622,0.01563563804626465,13882.360246419907,1165000,0.09375,0.00390625,0.06884312,0.08007173,0.059951782,5.1526054e-05,698.40344,0.011177087,0.0,1.0983123,1.0983123,0.1,1.0,0.003642145,0.20634831,685.6206,0.0,165000.0,-0.2523763327338705,-50.96724363468396,200.0,3.328387498855591,0.18881287950802136
3.5662553e-05,0.0,,,,,,,79.651184,2071.2253,726.2211,231.45352,152.17102,-96.05013,3173.742,,,,,,79.72648,0.015468738555908202,13959.703947544098,1170000,0.06640625,0.0026506698,0.06531736,0.075293384,0.098695636,3.5662553e-05,728.78784,0.009940354,0.0,1.4349216,1.4349216,0.1,1.0,0.0039580083,0.23798354,824.6982,0.0,170000.0,-0.3104708199107487,-59.41796231103852,200.0,3.0013680458068848,-0.09891208930668405
5.4492684e-05,0.0,,,,,,,42.579006,2085.6453,698.1737,179.75664,31.406658,-64.671135,1437.0482,,,,,,42.612972,0.015471743774414062,14037.0626745224,1175000,0.109375,0.004324777,0.026866319,0.033965457,0.089285135,5.4492684e-05,700.7567,0.007044645,0.0,0.64612186,0.64612186,0.1,1.0,0.002281732,0.22888787,663.02545,0.0,175000.0,-0.25397327025316585,-51.65115184103847,200.0,2.9261410236358643,0.16552758569081463
3.0805557e-05,0.0,,,,,,,54.614555,2082.778,750.11755,181.09303,44.100506,-50.886345,1682.6117,,,,,,54.69485,0.015102019214630127,14112.572777986526,1180000,0.08984375,0.0036272323,0.04847983,0.08029743,0.05870998,3.0805557e-05,752.89545,0.0317868,0.0,1.0727882,1.0727882,0.1,1.0,0.0023179455,0.18620071,713.1495,0.0,180000.0,-0.30386062136293984,-59.475609729235615,200.0,2.929950475692749,-0.1008748338066775
4.94435e-05,0.0,,,,,,,50.248726,2086.8474,700.0724,138.02129,531.17505,-309.20868,4450.4346,,,,,,50.331936,0.01553362693786621,14190.24092078209,1185000,0.046875,0.0018136161,0.042965397,0.08321133,0.26484644,4.94435e-05,702.6266,0.040196497,0.0,0.7155064,0.7155064,0.1,1.0,0.0024117436,0.15287682,682.7087,0.0,185000.0,-0.3051488060846549,-60.27863941744443,200.0,2.9779839515686035,-0.1282159039388138
1.44805035e-05,0.0,,,,,,,159.75046,2092.4207,723.55365,157.38959,228.1589,-193.76694,3189.6082,,,,,,159.86682,0.01529601650238037,14266.721011400223,1190000,0.08203125,0.0030691966,0.06451774,0.11636451,0.016808987,1.44805035e-05,732.5277,0.051832285,0.0,2.330663,2.330663,0.1,1.0,0.0051547717,0.21142487,735.9686,0.0,190000.0,-0.2808231303820787,-55.681400474934684,200.0,2.915262460708618,0.02830811277806559
1.4715978e-05,0.0,,,,,,,74.78363,2084.9377,752.9055,170.36607,72.00173,-320.098,2931.233,,,,,,75.592186,0.015415037393569947,14343.796205759048,1195000,0.04296875,0.0016741073,0.80159336,0.8085584,0.022532344,1.4715978e-05,755.13916,0.0069503277,0.0,1.1919909,1.1919909,0.1,1.0,0.0030710227,0.18580012,835.8548,0.0,195000.0,-0.2827559539195553,-57.188237483130855,200.0,2.9265949726104736,-0.022995764181557993
3.7960475e-05,0.0,,,,,,,127.53082,2091.9756,674.2522,152.03671,239.73796,-153.55792,2864.877,,,,,,127.61102,0.015369576597213745,14420.644097328186,1200000,0.05078125,0.002092634,0.07251795,0.080200635,0.09745443,3.7960475e-05,675.3871,0.0076447264,0.0,0.8879216,0.8879216,0.1,1.0,0.0035551838,0.18467489,676.9634,0.0,200000.0,-0.3310883585004923,-60.19699183844063,200.0,2.8996741771698,-0.1254360164496709
9.669257e-06,0.0,,,,,,,205.8429,2082.7466,660.3119,150.12001,234.61276,-288.27158,8648.529,,,,,,205.90614,0.019989529180526735,14520.591750860214,1205000,0.046875,0.0018136161,0.055074427,0.06325104,0.022955775,9.669257e-06,663.8949,0.008166942,0.0,1.2712765,1.2712765,0.1,1.0,0.0037316098,0.21349885,645.85474,0.0,205000.0,-0.25384397566949984,-52.075856402632525,200.0,2.9116618633270264,0.15106750112048956
1.8643448e-05,0.0,,,,,,,53.854015,2088.935,686.8472,136.19775,110.75886,-77.93059,1638.3433,,,,,,53.93033,0.015403808832168579,14597.61080288887,1210000,0.0625,0.0023716518,0.042040102,0.076314114,0.030474305,1.8643448e-05,689.9265,0.03425537,0.0,1.1015804,1.1015804,0.1,1.0,0.0043712757,0.15688527,641.0691,0.0,210000.0,-0.28606117219903826,-52.70028829395602,200.0,2.964364528656006,0.12980722097879355
1.8672768e-05,0.0,,,,,,,42.587315,2088.3342,613.73865,123.90099,45.087704,-87.8094,1706.8308,,,,,,42.640263,0.015233480501174927,14673.778213977814,1215000,0.046875,0.0016741073,0.0418766,0.052947618,0.02973926,1.8672768e-05,616.7136,0.01105235,0.0,1.2434685,1.2434685,0.1,1.0,0.0052698785,0.22739963,580.82416,0.0,215000.0,-0.25131755897758024,-51.54066471651937,200.0,2.9315812587738037,0.16928938461871326
2.5515046e-05,0.0,,,,,,,468.48248,2098.7144,782.33826,138.7367,574.3456,-387.8719,7740.638,,,,,,468.5415,0.015391727447509766,14750.736859798431,1220000,0.0625,0.002232143,0.031379886,0.059007563,0.058336496,2.5515046e-05,796.11005,0.027602162,0.0,2.8378978,2.8378978,0.1,1.0,0.0070582842,0.21314627,832.3359,0.0,220000.0,-0.25800047304633883,-53.48817820103205,200.0,2.9175174236297607,0.10298162097660978
9.536145e-06,0.0,,,,,,,212.21547,2111.4502,980.00977,247.63066,125.277374,-293.98026,6497.124,,,,,,212.26994,0.014948470973968507,14825.479221582413,1225000,0.05078125,0.002092634,0.03461681,0.054468744,0.0128029585,9.536145e-06,985.6914,0.0198424,0.0,2.4977794,2.4977794,0.1,1.0,0.004787837,0.1892925,1000.45074,0.0,225000.0,-0.25790713320590003,-52.43493950786862,200.0,2.8269219398498535,0.13884165628849574
2.0481946e-05,0.0,,,,,,,74.56428,2118.5266,882.0905,333.09604,120.381645,-200.50467,1958.0859,,,,,,74.63736,0.014845234870910645,14899.705402851105,1230000,0.0703125,0.0026506698,0.059283927,0.07308463,0.026301146,2.0481946e-05,885.7903,0.013780219,0.0,1.7167573,1.7167573,0.1,1.0,0.0037057716,0.17595603,914.60724,0.0,230000.0,-0.2925431608734867,-56.66031075329348,200.0,2.7914161682128906,-0.005021233529635587
2.4685021e-05,0.0,,,,,,,40.07514,2114.7788,804.9492,349.53006,37.81988,-122.03448,1728.4797,,,,,,40.66942,0.015154151725769043,14975.476169109344,1235000,0.09765625,0.0037667411,0.0704653,0.5942762,0.031356096,2.4685021e-05,806.9395,0.5237862,0.0,1.854847,1.854847,0.1,1.0,0.004108268,0.17036888,824.4634,0.0,235000.0,-0.30783562878115295,-56.00015971800846,200.0,2.8863942623138428,0.01745519046633085
5.0591472e-05,0.0,,,,,,,41.96759,2115.7483,741.3279,422.6244,86.620224,-58.34651,1793.0137,,,,,,42.040733,0.014840233182907104,15049.677342653275,1240000,0.0859375,0.0037667411,0.055661928,0.073141664,0.066527605,5.0591472e-05,744.02155,0.017429149,0.0,2.013052,2.013052,0.1,1.0,0.002959455,0.20234253,734.181,0.0,240000.0,-0.25332589418143414,-52.93025630397064,200.0,3.362640142440796,0.12197740897771786
4.8345057e-05,0.0,,,,,,,156.89029,2124.3271,768.80725,348.81464,166.8432,-426.3282,4961.3926,,,,,,157.22792,0.014616193675994872,15122.758319616318,1245000,0.078125,0.0029296877,0.025958063,0.33762592,0.15287173,4.8345057e-05,776.1531,0.31161952,0.0,1.8603435,1.8603435,0.1,1.0,0.0057261195,0.20283517,856.1467,0.0,245000.0,-0.28570479354586803,-55.94804805930121,200.0,3.1843342781066895,0.019229456768483418
4.5049204e-05,0.0,,,,,,,452.72162,2133.7527,1072.6259,416.04227,196.61777,-155.8757,6848.74,,,,,,452.8093,0.01498316388130188,15197.674147605896,1250000,0.0859375,0.0033482146,0.044459548,0.087671414,0.090945125,4.5049204e-05,1085.9509,0.04316682,0.0,3.6159477,3.6159477,0.1,1.0,0.004392174,0.16108602,1150.9772,0.0,250000.0,-0.25636884278431804,-55.24418714525735,200.0,3.3431713581085205,0.04319408833405823
7.086068e-06,0.0,,,,,,,237.35153,2136.864,1017.1044,447.71,326.73376,-422.9657,8693.48,,,,,,237.44118,0.015258727359771728,15273.96779179573,1255000,0.0390625,0.0013950893,0.070891745,0.089651994,0.013934016,7.086068e-06,1018.7331,0.018753165,0.0,2.6218624,2.6218624,0.1,1.0,0.0026278428,0.17626673,1008.05347,0.0,255000.0,-0.32387525281080276,-59.71419126404682,200.0,2.90145206451416,-0.10899791390108315
2.4468689e-05,0.0,,,,,,,29.464424,2132.9941,926.5208,370.45712,255.23488,-94.41882,2459.2727,,,,,,30.098007,0.015384188795089722,15350.888744831085,1260000,0.08984375,0.004185268,0.5719336,0.6335826,0.06029141,2.4468689e-05,927.81433,0.061624486,0.0,1.4223455,1.4223455,0.1,1.0,0.0025868919,0.16142318,872.5187,0.0,260000.0,-0.22598788808323347,-50.69629510307361,200.0,3.0050408840179443,0.19803797157339917
2.9831743e-05,0.0,,,,,,,63.36343,2129.0652,832.5134,570.285,363.91797,-98.42154,2933.3853,,,,,,63.452286,0.015187387466430663,15426.825689792633,1265000,0.08984375,0.0034877234,0.06500415,0.08885437,0.10810959,2.9831743e-05,835.395,0.023820389,0.0,2.2651522,2.2651522,0.1,1.0,0.0029973243,0.19175369,832.54974,0.0,265000.0,-0.26667532772926933,-56.778062642161565,200.0,2.8743233680725098,-0.009030378769228102
1.8963492e-05,0.0,,,,,,,103.38703,2118.7231,837.9508,406.25275,249.193,-62.26327,3038.848,,,,,,103.47722,0.014694264793395997,15500.297020673752,1270000,0.078125,0.0029296877,0.038894847,0.09018355,0.017225742,1.8963492e-05,842.8837,0.051269736,0.0,1.753499,1.753499,0.1,1.0,0.003439016,0.23994462,821.7618,0.0,270000.0,-0.26453866477829285,-52.48690879852593,200.0,3.284327268600464,0.13707223724777723
6.396622e-05,0.0,,,,,,,113.976036,2111.6978,858.03064,396.96048,411.7212,-109.40486,3250.8066,,,,,,114.210915,0.014586526918411256,15573.229662895203,1275000,0.08984375,0.0036272323,0.045019645,0.23487796,0.16215348,6.396622e-05,862.6134,0.18979435,0.0,2.5492485,2.5492485,0.1,1.0,0.0046119876,0.21383645,845.2994,0.0,275000.0,-0.24659715982952748,-54.30651381707832,200.0,2.783799409866333,0.07511942385180316
7.327786e-05,0.0,,,,,,,118.60791,2121.4736,853.5387,381.20383,120.61975,-279.55875,3030.6006,,,,,,118.85164,0.01462926230430603,15646.375982284546,1280000,0.13671875,0.006277902,0.21817797,0.24372554,0.107405424,7.327786e-05,862.5198,0.025474273,0.0,1.9620789,1.9620789,0.1,1.0,0.003898233,0.21051104,852.0928,0.0,280000.0,-0.25880733671324596,-53.46595722686367,200.0,2.8939707279205322,0.1037381872929774
4.5942645e-05,0.0,,,,,,,100.60155,2106.9875,904.63245,477.86148,143.96526,-310.7232,5580.4688,,,,,,100.67804,0.014677398443222045,15719.762981653214,1285000,0.08203125,0.0036272323,0.040804274,0.07648851,0.10134208,4.5942645e-05,907.2809,0.0356383,0.0,1.3247386,1.3247386,0.1,1.0,0.003291457,0.24761896,879.77795,0.0,285000.0,-0.2859134155180975,-57.90144818779288,200.0,2.7887754440307617,-0.04727873177476123
3.0599735e-05,0.0,,,,,,,113.38437,2104.1633,787.2383,460.92807,86.49695,-347.3319,2810.3037,,,,,,113.426216,0.014554824733734132,15792.53711271286,1290000,0.0703125,0.0029296877,0.032310188,0.04184993,0.04790306,3.0599735e-05,789.32996,0.0095091425,0.0,0.9658848,0.9658848,0.1,1.0,0.0037647998,0.19227077,781.80505,0.0,290000.0,-0.2662071494815577,73.01262429513339,200.0,2.8255486488342285,4.410004591115925
5.426263e-05,0.0,,,,,,,151.10284,2115.1958,849.6208,423.2789,125.98732,-291.10123,3438.63,,,,,,155.11821,0.014537681150436401,15865.2255256176,1295000,0.09765625,0.0040457593,3.997036,4.0153713,0.056463838,5.426263e-05,856.26697,0.018281035,0.0,2.779005,2.779005,0.1,1.0,0.0043924786,0.22464399,859.6823,0.0,295000.0,-0.2805881133518631,-55.99589608980496,200.0,2.8105759620666504,0.017600355905966536
6.682165e-05,0.0,,,,,,,54.89763,2105.6191,802.82794,333.75937,352.24298,-70.12507,2428.378,,,,,,54.96571,0.014813790130615234,15939.294483423233,1300000,0.1015625,0.0040457593,0.051904175,0.0680794,0.20862043,6.682165e-05,805.52594,0.016108397,0.0,0.869025,0.869025,0.1,1.0,0.0030261371,0.23423962,798.04895,0.0,300000.0,-0.2577611259837779,-52.49514265479339,200.0,3.33333158493042,0.13679189587936696
2.2801089e-05,0.0,,,,,,,186.58965,2102.1055,795.89,334.40106,247.66957,-74.53474,3294.3066,,,,,,186.65033,0.019967585134506225,16039.132416725159,1305000,0.08984375,0.004185268,0.04258049,0.060687177,0.018836856,2.2801089e-05,800.73724,0.018083885,0.0,1.9509424,1.9509424,0.1,1.0,0.003925219,0.22529954,881.61816,0.0,305000.0,-0.2756207883998238,-55.480244014702926,200.0,2.9281980991363525,0.03515696652218598
1.7787514e-05,0.0,,,,,,,126.66798,2085.334,884.22705,302.2694,144.27176,-225.39561,5360.3174,,,,,,127.63971,0.01573622536659241,16117.813551664352,1310000,0.046875,0.0016741073,0.9292412,0.97173184,0.04130113,1.7787514e-05,887.7047,0.042472884,0.0,1.8648579,1.8648579,0.1,1.0,0.0038602347,0.19504258,843.59814,0.0,310000.0,-0.25908916603592863,-52.411123172257845,200.0,3.009819746017456,0.13965254050832715
4.047696e-05,0.0,,,,,,,41.57074,2097.4019,791.04285,372.30588,70.43061,-242.1727,1978.5319,,,,,,41.64681,0.0156168559551239,16195.897841215134,1315000,0.08203125,0.0034877234,0.0680879,0.076068655,0.12859738,4.047696e-05,792.3328,0.007940275,0.0,1.7735127,1.7735127,0.1,1.0,0.0036918346,0.21853502,792.3215,0.0,315000.0,1.8748166556490053,154.59245097423099,200.0,3.5100901126861572,7.18758529000128
3.2364092e-05,0.0,,,,,,,71.45906,2085.4724,832.0585,366.49863,35.9086,-43.986656,1946.846,,,,,,71.515945,0.01561904239654541,16273.993062496185,1320000,0.08203125,0.0032087055,0.047188174,0.05688303,0.036550045,3.2364092e-05,835.8355,0.009662492,0.0,1.306645,1.306645,0.1,1.0,0.0037507736,0.20602542,771.0324,0.0,320000.0,-0.2867735634470332,-57.26154988599877,200.0,2.941896915435791,-0.025491860624564985
0.00012521965,0.0,,,,,,,78.48578,2099.8132,754.08264,299.44943,464.71234,-81.98427,2862.4868,,,,,,78.65152,0.015513825607299804,16351.562198400497,1325000,0.08203125,0.0034877234,0.12083645,0.16574226,0.25209975,0.00012521965,758.02966,0.04478059,0.0,1.8689172,1.8689172,0.1,1.0,0.0057877274,0.17761832,841.3039,0.0,325000.0,-0.2911960559002608,-52.185273173268264,200.0,2.927968740463257,0.14734214495556813
1.8830313e-05,0.0,,,,,,,175.05743,2092.0615,821.5269,267.75742,145.05193,-495.2843,4595.324,,,,,,175.13925,0.015475277662277222,16428.938595294952,1330000,0.08203125,0.0029296877,0.04443032,0.08181795,0.04057443,1.8830313e-05,830.7495,0.0373688,0.0,2.5986726,2.5986726,0.1,1.0,0.0060586585,0.1852272,829.68414,0.0,330000.0,-0.26475972487324434,-54.28169640442682,200.0,2.961670398712158,0.07596439213848799
1.9831617e-05,0.0,,,,,,,161.18494,2094.2678,865.7875,268.05222,135.65012,-66.63373,3830.1572,,,,,,165.4651,0.015305802774429321,16505.46761727333,1335000,0.0859375,0.0033482146,4.0810776,4.28017,0.041047573,1.9831617e-05,871.2748,0.19907227,0.0,1.7984058,1.7984058,0.1,1.0,0.0034167296,0.17762311,920.5307,0.0,335000.0,-0.25797706335717707,-52.10797240549652,200.0,2.9588632583618164,0.14997403483952684
3.2523847e-05,0.0,,,,,,,328.24973,2098.0132,954.46405,465.38968,179.50983,-73.653824,4535.452,,,,,,328.31738,0.015271299695968629,16581.824124097824,1340000,0.1328125,0.0055803573,0.04612522,0.06766933,0.04271257,3.2523847e-05,965.1333,0.021511594,0.0,2.0705152,2.0705152,0.1,1.0,0.0049091913,0.16506258,942.9031,0.0,340000.0,-0.2581009589459609,-52.64909369045803,200.0,2.9395089149475098,0.1315502639386965
2.8876706e-05,0.0,,,,,,,89.570854,2098.3433,950.12146,251.49889,88.86474,-170.19958,3415.2935,,,,,,89.67571,0.015478376722335815,16659.21601676941,1345000,0.09765625,0.004185268,0.05414001,0.10486145,0.06159389,2.8876706e-05,954.2435,0.050692562,0.0,1.615905,1.615905,0.1,1.0,0.004320854,0.1878323,888.20703,0.0,345000.0,-0.27728671683380524,-54.80672945189017,200.0,3.0354957580566406,0.05808838383746988
1.4469378e-05,0.0,,,,,,,25.04419,2088.1436,848.2574,226.97955,35.500393,-26.791378,749.86194,,,,,,25.167269,0.01538687047958374,16736.150376558304,1350000,0.046875,0.0018136161,0.06183072,0.12307944,0.029255748,1.4469378e-05,849.7353,0.06123425,0.0,1.5776033,1.5776033,0.1,1.0,0.0029707025,0.23627627,818.14465,0.0,350000.0,-0.30234547065890127,-55.499579309231805,200.0,2.9348959922790527,0.03449865008444783
1.990248e-05,0.0,,,,,,,66.49361,2094.0266,775.5746,253.4579,63.58761,-73.36511,1780.5553,,,,,,66.54743,0.015530077314376832,16813.800770282745,1355000,0.0625,0.0027901786,0.034844,0.053827684,0.041406274,1.990248e-05,779.47266,0.01896378,0.0,1.1976596,1.1976596,0.1,1.0,0.0033347874,0.22432156,753.30505,0.0,355000.0,-0.25383922518169005,-51.20948121705796,200.0,2.9737160205841064,0.1805653205129117
2.239312e-05,0.0,,,,,,,333.12302,2090.9788,819.68866,266.26288,1434.6528,-1328.8414,34317.85,,,,,,333.18335,0.0154630521774292,16891.116038799286,1360000,0.05078125,0.0018136161,0.049517374,0.060319755,0.076518655,2.239312e-05,825.49036,0.010779986,0.0,1.2442585,1.2442585,0.1,1.0,0.0033881003,0.22595438,867.8439,0.0,360000.0,-0.24508228626105716,-50.26953253209561,200.0,3.0169618129730225,0.21256812600505717
1.7482855e-05,0.0,,,,,,,90.27199,2071.9421,801.87415,361.94974,80.909935,-163.03801,2249.9238,,,,,,90.35947,0.015626654815673827,16969.24932026863,1365000,0.0546875,0.0023716518,0.06605581,0.087480776,0.02599597,1.7482855e-05,808.06775,0.021407476,0.0,2.7594388,2.7594388,0.1,1.0,0.0030212244,0.21135992,778.49133,0.0,365000.0,-0.25229214345511697,-52.46428233164066,200.0,2.9718902111053467,0.13784260953542268
3.7455735e-05,0.0,,,,,,,47.593697,2077.3384,839.3079,375.91382,35.998703,-84.320145,1497.96,,,,,,47.646973,0.01584742512702942,17048.486456155777,1370000,0.0859375,0.0036272323,0.041651353,0.053274423,0.039693713,3.7455735e-05,843.63715,0.011585614,0.0,1.721197,1.721197,0.1,1.0,0.0025842835,0.1966276,816.0907,0.0,370000.0,-0.22752319345993857,-50.94893539542008,200.0,3.038351058959961,0.18943622738800603
0.00018911717,0.0,,,,,,,133.79121,2066.447,793.8345,319.37604,142.64154,-181.77492,6824.4126,,,,,,133.87386,0.015631417894363404,17126.643553495407,1375000,0.13671875,0.0059988843,0.060741734,0.08264381,0.45996475,0.00018911717,797.9128,0.021712953,0.0,1.1201471,1.1201471,0.1,1.0,0.002696226,0.24193385,804.7345,0.0,375000.0,-0.2504512226184506,-48.837917595518796,200.0,2.9457881450653076,0.2613108872726609
3.9580045e-05,0.0,,,,,,,108.264435,2062.8235,768.1122,255.4758,81.52595,-81.32183,2787.189,,,,,,108.34756,0.015094258642196655,17202.114854097366,1380000,0.0859375,0.0034877234,0.05532323,0.08312317,0.036866903,3.9580045e-05,771.1561,0.027760366,0.0,2.1035702,2.1035702,0.1,1.0,0.0040993933,0.19528428,808.80414,0.0,380000.0,-0.2602918111626883,-56.298886135934275,200.0,2.9370691776275635,0.00728433369383792
2.6211559e-05,0.0,,,,,,,111.65303,2061.9128,760.9861,209.60962,129.35495,-115.8565,5546.7695,,,,,,111.758194,0.015475581026077271,17279.49276614189,1385000,0.07421875,0.0027901786,0.06156961,0.10516299,0.056553602,2.6211559e-05,768.54736,0.043567173,0.0,2.3181913,2.3181913,0.1,1.0,0.0046956907,0.18494181,770.5598,0.0,385000.0,-0.25007426611455624,-51.3584225860575,200.0,2.8901262283325195,0.1754942546791242
4.9986862e-05,0.0,,,,,,,234.27756,1983.7441,817.4375,315.4848,400.44122,-150.6373,7870.4395,,,,,,234.52841,0.015432363843917846,17356.654592752457,1390000,0.09765625,0.0034877234,0.20534772,0.2508603,0.10540843,4.9986862e-05,826.51013,0.04546262,0.0,3.4765472,3.4765472,0.1,1.0,0.0070086336,0.2124208,935.84436,0.0,390000.0,-0.232769128660965,-49.71779528227063,200.0,2.9790055751800537,0.23135334286998355
4.8879603e-05,0.0,,,,,,,52.402733,2051.626,833.0652,219.40915,122.051025,-58.263454,1742.26,,,,,,52.471127,0.01492229781150818,17431.266089200974,1395000,0.1171875,0.0051618307,0.039488137,0.06839248,0.081579685,4.8879603e-05,836.2467,0.028855454,0.0,1.6394244,1.6394244,0.1,1.0,0.0043366738,0.19691116,831.4562,0.0,395000.0,-0.28145931508699695,-58.87343502148639,200.0,2.892106771469116,-0.08037235281734564
7.98372e-05,0.0,,,,,,,102.30417,2049.9866,806.52466,266.5224,100.78112,-74.95106,3524.2532,,,,,,102.35754,0.014875514602661132,17505.643669843674,1400000,0.109375,0.004603795,0.032331254,0.053365488,0.19736218,7.98372e-05,812.9822,0.020954397,0.0,1.5991325,1.5991325,0.1,1.0,0.0039022062,0.22405405,795.19946,0.0,400000.0,-0.2521426247959554,-57.267410131669486,200.0,2.78993821144104,-0.02569138673203933
2.401422e-05,0.0,,,,,,,93.57522,2016.8832,828.3861,283.90518,55.80716,-171.33904,2563.0898,,,,,,96.32202,0.019202142906188966,17601.654391527176,1405000,0.0546875,0.002232143,2.4488053,2.746801,0.06608105,2.401422e-05,835.7001,0.29797158,0.0,2.6813097,2.6813097,0.1,1.0,0.0039650532,0.1484196,941.26306,0.0,405000.0,-0.26797085773451385,-51.91682250506524,200.0,2.9280974864959717,0.15648219127531157
4.1696327e-05,0.0,,,,,,,100.34184,2049.0425,860.5509,191.89952,79.07527,-76.023636,2660.9053,,,,,,100.557396,0.014883902931213378,17676.073914051056,1410000,0.125,0.0047433036,0.18590437,0.21555373,0.053281546,4.1696327e-05,864.1107,0.029607672,0.0,1.4646255,1.4646255,0.1,1.0,0.00276632,0.19631301,859.0155,0.0,410000.0,-0.29037413313574373,-55.77538100220794,200.0,3.3132894039154053,0.025108320510154842
1.2957874e-05,0.0,,,,,,,56.706036,2057.126,798.5532,179.34454,36.87019,-133.87318,1745.2649,,,,,,56.769756,0.014914829683303833,17750.648071050644,1415000,0.04296875,0.0016741073,0.046221737,0.06372251,0.031784654,1.2957874e-05,800.6296,0.017487817,0.0,1.5520556,1.5520556,0.1,1.0,0.004223463,0.18242304,801.31287,0.0,415000.0,-0.25989268115434977,-51.525446340058195,200.0,2.885110855102539,0.16980753071496832
1.3324233e-05,0.0,,,,,,,78.74085,2051.4194,771.4532,299.86343,75.27075,-133.86847,2075.4026,,,,,,78.84505,0.014999633026123046,17825.646245241165,1420000,0.0546875,0.001953125,0.090427384,0.10419612,0.020794868,1.3324233e-05,774.8432,0.013755407,0.0,1.6325649,1.6325649,0.1,1.0,0.0038929074,0.28704008,756.77966,0.0,420000.0,-0.26330983305575634,-51.857857315452854,200.0,2.860180139541626,0.15848980246107358
7.233706e-05,0.0,,,,,,,89.996445,2057.881,806.04333,215.31584,78.17065,-88.285484,2186.169,,,,,,90.07027,0.014925398445129395,17900.273245334625,1425000,0.08203125,0.0033482146,0.03601995,0.07382531,0.109175205,7.233706e-05,810.0856,0.03773302,0.0,2.8756704,2.8756704,0.1,1.0,0.0065116626,0.17368339,787.78345,0.0,425000.0,-0.2252532843882258,14.720975749231597,200.0,2.904897689819336,2.4253257250502545
6.17034e-05,0.0,,,,,,,98.555786,2061.0547,791.6554,232.49861,88.66049,-200.05766,2688.2656,,,,,,100.68697,0.015014183902740478,17975.34417295456,1430000,0.109375,0.00390625,2.0781322,2.131184,0.15637565,6.17034e-05,799.0429,0.05299026,0.0,2.0051045,2.0051045,0.1,1.0,0.0046146475,0.18612486,780.4087,0.0,430000.0,-0.2997112940463411,-57.78684624172294,200.0,2.862170934677124,-0.04337683388632011
4.2485906e-05,0.0,,,,,,,73.14693,2066.8638,788.2368,267.6249,76.77124,-51.75972,1923.289,,,,,,73.730515,0.015247378540039063,18051.58107328415,1435000,0.05859375,0.002092634,0.041425563,0.58358943,0.14383674,4.2485906e-05,792.78735,0.54212135,0.0,2.2618918,2.2618918,0.1,1.0,0.0031635375,0.19408466,799.3511,0.0,435000.0,1.8672658136833278,6.496035083453581,200.0,2.920254945755005,2.145287909664753
3.5641948e-05,0.0,,,,,,,81.95108,2065.143,738.8214,181.63936,220.42218,-84.23688,3235.6816,,,,,,82.0143,0.01545637664794922,18128.86296415329,1440000,0.0625,0.0026506698,0.04716232,0.063219264,0.055303574,3.5641948e-05,741.41504,0.016021304,0.0,1.4592813,1.4592813,0.1,1.0,0.0031652958,0.22430222,734.9878,0.0,440000.0,-0.21988975210125392,-50.258009332038384,200.0,3.1290316581726074,0.212960460965442
1.680545e-05,0.0,,,,,,,70.28623,2063.351,700.1605,306.05307,97.86322,-56.077145,2012.9143,,,,,,70.40707,0.01603944420814514,18209.060194015503,1445000,0.07421875,0.0027901786,0.07401412,0.12083396,0.030041099,1.680545e-05,704.28613,0.046803035,0.0,2.1766443,2.1766443,0.1,1.0,0.006193971,0.17903545,656.4966,0.0,445000.0,-0.24440203683392192,-50.173522964238344,200.0,3.614392042160034,0.2158370018220855
2.000288e-05,0.0,,,,,,,74.81951,2062.401,728.7074,233.34221,48.582985,-40.586967,2051.666,,,,,,74.893715,0.01574661431312561,18287.79327392578,1450000,0.046875,0.0018136161,0.034044452,0.07420457,0.05953002,2.000288e-05,731.879,0.04014011,0.0,2.3649838,2.3649838,0.1,1.0,0.0043805777,0.17517248,675.821,0.0,450000.0,-0.24163578269089103,58.02245535350358,200.0,2.991530656814575,3.89962836674513
2.1426524e-05,0.0,,,,,,,89.91398,2070.1665,737.964,217.29794,376.42822,-158.11343,3356.4421,,,,,,89.96791,0.01518749451637268,18363.730754375458,1455000,0.0625,0.002232143,0.033462882,0.053932495,0.031210184,2.1426524e-05,740.6734,0.020448187,0.0,1.9441651,1.9441651,0.1,1.0,0.0052648946,0.21186393,727.6609,0.0,455000.0,9.948593444225347,634.1508906436375,200.0,2.9757421016693115,23.515301592377405
3.2515e-05,0.0,,,,,,,97.68139,2074.0635,742.3572,318.32483,91.32817,-317.03546,3680.359,,,,,,97.7522,0.015849804496765138,18442.979784727097,1460000,0.046875,0.0018136161,0.05663995,0.0708058,0.17763722,3.2515e-05,746.5044,0.014133342,0.0,2.3380575,2.3380575,0.1,1.0,0.0052595246,0.23398623,728.6351,0.0,460000.0,-0.25146098542597406,-51.23448396722133,200.0,3.1847732067108154,0.1797140419664887
3.6251335e-05,0.0,,,,,,,50.898148,2070.6963,724.4662,155.33818,41.4697,-66.28866,1231.6484,,,,,,50.964443,0.015614323472976685,18521.051409482956,1465000,0.0703125,0.0030691966,0.051596187,0.06629446,0.05805421,3.6251335e-05,727.0712,0.014662022,0.0,1.291404,1.291404,0.1,1.0,0.0046100263,0.2224156,757.2001,0.0,465000.0,1.8907731276587953,57.51528820053254,200.0,3.0292482376098633,3.8823606456363047
4.163112e-05,0.0,,,,,,,131.3763,2074.174,740.38605,221.1143,50.637794,-130.06819,2563.4531,,,,,,131.47038,0.015536221837997436,18598.73252749443,1470000,0.125,0.0048828125,0.05486803,0.09409146,0.046372294,4.163112e-05,744.6,0.0391818,0.0,2.0518332,2.0518332,0.1,1.0,0.0035732745,0.18073331,690.79663,0.0,470000.0,1.947978097550306,62.41697879839799,200.0,3.0019986629486084,4.049250448554056
2.8740267e-05,0.0,,,,,,,110.43766,2072.846,753.23224,152.673,66.65842,-178.26886,2764.8418,,,,,,110.538895,0.015374045705795288,18675.602764368057,1475000,0.05078125,0.002232143,0.073105544,0.101232104,0.12404692,2.8740267e-05,756.21484,0.028097823,0.0,2.0687199,2.0687199,0.1,1.0,0.003147283,0.19843452,688.2387,0.0,475000.0,-0.2518383856697553,-51.788300262454904,200.0,2.9443747997283936,0.16085803901835907
2.2053488e-05,0.0,,,,,,,306.8847,2076.3699,856.71704,293.86792,270.60547,-253.67993,10477.818,,,,,,307.0313,0.015325136184692383,18752.228453159332,1480000,0.046875,0.0016741073,0.11537178,0.1466127,0.057266712,2.2053488e-05,863.37213,0.031218875,0.0,3.0484576,3.0484576,0.1,1.0,0.0043036193,0.2059575,782.0032,0.0,480000.0,-0.2801990919765253,-53.617224683242405,200.0,3.3870270252227783,0.09858792424008095
3.782668e-05,0.0,,,,,,,297.6923,2083.925,847.44574,359.08093,331.2293,-220.05711,10289.457,,,,,,297.7667,0.015441009759902953,18829.433510541916,1485000,0.08203125,0.0032087055,0.053193852,0.074398965,0.10214758,3.782668e-05,849.63306,0.021167288,0.0,2.0293722,2.0293722,0.1,1.0,0.004547625,0.2059301,847.45764,0.0,485000.0,-0.25581417049969113,-52.68748103111326,200.0,3.196061849594116,0.1302432749338668
4.0900395e-05,0.0,,,,,,,74.20351,2086.897,798.5797,174.0078,77.832794,-202.12227,3263.5613,,,,,,74.30308,0.01544887180328369,18906.67787718773,1490000,0.109375,0.004185268,0.045068588,0.099571586,0.08376026,4.0900395e-05,803.1494,0.054462094,0.0,1.7705095,1.7705095,0.1,1.0,0.0028964984,0.1954253,877.3633,0.0,490000.0,-0.25949118597580095,-52.04613104083584,200.0,2.8325161933898926,0.15207957229733374
8.918377e-05,0.0,,,,,,,124.68948,2089.2886,732.12134,264.00818,66.47946,-294.94385,4154.093,,,,,,124.867035,0.015132553720474243,18982.34065389633,1495000,0.078125,0.0034877234,0.078825444,0.17754951,0.19053674,8.918377e-05,735.80005,0.098634884,0.0,3.032343,3.032343,0.1,1.0,0.0050054356,0.2094384,777.56604,0.0,495000.0,1.9383236784059936,145.7756315133364,200.0,3.5870361328125,6.887395542645367
